질병명,식사요법의 필요성,식사요법의 실제,권장 식품,주의 식품,그 외 주의사항
구루병식,"비타민 D 섭취 부족으로 생기는 질병으로 정상적인 칼슘의 축적이 부족하여 골 형성 시 위험을 초래할 수 있어 적절한 영양관리가 필요합니다. 특히, 특히 영유아에서 자주 볼 수 있습니다.","1. 비타민 D가 많은 식품을 섭취합니다. (등푸른 생선, 연어, 쥐치, 가자미, 광어, 목이버섯, 표고버섯 등)2. 칼슘이 많은 식품을 섭취합니다. (멸치, 말린 새우, 미꾸라지, 콩, 두부, 우유 등)3. 잡곡, 두류 및 두부 , 생선, 녹황색 채소를 자주 섭취합니다.4. 햇빛을 자주 보도록 합니다.5. 카페인 섭취를 줄입니다.","우유, 요구르트, 치즈, 두부, 새우, 정어리, 연어, 녹색콩류, 시금치, 브로콜리, 콩, 두부, 멸치, 다시마, 미역, 표고버섯, 등푸른 생선 등","카페인(커피, 콜라, 초콜릿), 주류(소주, 맥주, 막걸리 등)","유당 불내증이 있거나, 유제품을 전혀 안먹거나, 완전 채식만 하는 사람들은 반드시 영양관리가 필요합니다."
골다공증식,"골다공증 환자와 골다공증으로 진행될 위험이  높은 환자에게 식사 중 칼슘 섭취량을 1일 1,000mg 이상으로 증가시키기 위한 식사 입니다","1. 균형있는 식사를 합니다.2. 칼슘이 많은 식품을 먹습니다.3. 과도한 알코올 섭취를 금합니다.4. 짠 음식을 피하고 음식의 간을 심심하게 합니다.5. 커피, 탄산음료의 과다한 섭취를 피합니다.6. 담배를 끊습니다.7. 적당한 운동을 규칙적으로 합니다.","- 우유 및 유제품 (발효유, 치이즈, 아이스크림)- 두류 (콩, 두부 등) 및 해조류(미역, 다시마, 김)- 뼈째먹는 생선 (멸치, 뱅어포 등) , 생선류 (동태, 홍어, 참치, 참게, 대하 등) 및 통조림류 (꽁치, 정어리)- 칼슘 강화 식품 (고칼슘우유, 칼슘강화 오렌지 주스나 씨리얼)- 비타민 D 함유식품 (난황, 버터, 기름이 많은 생선, 생선유, 버섯)","- 카페인음료(커피, 홍차등), 탄산음료(사이다, 콜라등)- 술(하루 소주 3잔이상)- 뼈를 우려낸 탕국 (곰국, 설렁탕등)의 장기간 섭취- 지나친 동물성 단백질의 섭취","칼슘 보충제는 우유나 요쿠르트와 함께 복용하는 것이 좋으며, 식사와 식사 사이에 복용하도록 합니다칼슘 보충제는 식품보다 변비를 유발하기 쉬우므로 야채, 과일, 해조류는 물론 수분을 충분히 섭취하는 것이 좋습니다."
고혈압식 / 폐성 고혈압식,"체중 조절을 위해 저지방, 저칼로리식을 고려하고, 염분을 제한함으로써 부종과 복수가 생기는 것을 방지하거나 혈압을 조절합니다.","1. 밥은 현미, 보리 등을 섞은 잡곡밥이 좋으며 기호에 따라 적정량 혼식을 합니다. 단, 입맛에 맞지 않을 경우 무리하게 잡곡밥을 고집하지 말고 쌀밥을 섭취하는 것이 좋습니다.2. 고기, 두부, 생선 등의 단백질 반찬도 골고루 섭취하되 고기는 기름기와 껍질을 제거한 살코기로 섭취합니다.3. 채소찬은 제철 채소를 이용하여 싱겁게 조리하되 장아찌, 김치 등의 염장식품은 피하는 것이 좋습니다.4. 간식은 정규 식사 사이에 제철 과일과 저지방우유로 섭취하는 것이 좋습니다.5. 전체적인 조리 방법은 지방 섭취를 줄이기 위해 튀기거나 부치는 대신 굽기, 찜, 삶는 방법을 주로 선택하나 맛을 내기 위해 적당량의 식물성기름(참기름, 들기름 등)은 사용하여도 좋습니다.6. 또한 염분량은 소금을 기준으로 1일 3g만 추가하도록 합니다.7. 저염식 적응을 위해 조리 시 미리 염분을 넣는 것보다 무염 조리 후 따로 분량의 저염 소스를 곁들이는 것이 더욱 효과적입니다.","신선한 채소를 비롯한 잡곡, 어육류, 생선, 두부, 견과류 그리고 제철 과일과 우유 등 균형잡힌 식사","염장 식품 : 김치류, 젓갈류, 장아찌류, 건어물 및 자반 생선류 등가공식품 : 햄류, 통조림류, 라면 등국물류 : 국, 찌개 등",
고칼슘혈증식,혈중 칼슘치를 정상으로 유지하고 소변으로 나오는 칼슘량을 최소한으로 줄이기 위하여 1일 칼슘 섭취를 400~600mg정도로 제한하기 위한 식사입니다,"1. 편식하지 않고 골고루 섭취합니다2. 칼슘이 많이 함유된 식품을 제한합니다.3. 짠 음식을 피하고 음식의 간을 싱겁게 조리합니다.4. 계란이나 고기, 생선류 등 단백질 식품을 과다하게 섭취하지 않습니다.5. 단순당의 섭취를 제한합니다.6. 수분을 충분히 섭취합니다.","흰밥, 국수, 식빵, 감자쇠고기, 돼지고기, 닭고기, 계란, 전복, 홍합호박,무우, 배추, 콩나물, 숙주, 양파등모든과일 (건무화과 제외)샤베트, 두유식용유, 잣","녹두, 율무, 팥뼈째먹는 생선(잔멸피, 뱅어포, 양미리, 미꾸라지 등) 고등어 통조림,  대두, 유부, 대합조개두부류고춧잎, 무청, 돌나물, 미역, 무우말랭이, 고사리, 상추, 근대, 미나리, 우거지, 토란대건무화과우유 및 유제품아몬드, 참깨, 호두, 흑설탕, 로얄젤리, 물엿",수유부나 폐경기 여성에게서는 칼슘을 제한하지 않고 1200~1500mg 섭취합니다.소변량을 최소 1일 2L이상 유지위해 1일 3L의 수분이 필요하며 50%는 물로 섭취합니다소변으로 배설되는 칼슘을 줄이기 위해 지나친 염분 섭취는 제한합니다.
고지혈증식,"포화지방산과 콜레스테롤의 과잉 섭취, 칼로리 섭취와 소모의 불균형, 당질의 과잉 섭취 및 섬유소 섭취 부족 그리고 알코올의 과잉 섭취 등이 혈청 지질에 영향을 미치므로 혈중 콜레스테롤이나 포화 지방산 농도를 감소시키고 당질 제공량은 총 열량의 60% 이하로 제한합니다.","1. 밥은 현미, 보리 등을 섞은 잡곡밥이 좋으며 기호에 따라 적정량 혼식을 합니다. 단, 입맛에 맞지 않을 경우 무리하게 잡곡밥을 고집하지 말고 쌀밥을 섭취하는 것이 좋습니다.2. 고기, 두부, 생선 등의 단백질 반찬도 골고루 섭취하되 고기는 기름기와 껍질을 제거한 살코기로 섭취합니다.3. 채소찬은 제철 채소를 이용하여 싱겁게 조리하되 장아찌, 김치 등의 염장식품은 피하는 것이 좋습니다.4. 간식은 정규 식사 사이에 제철 과일과 저지방우유로 섭취하는 것이 좋습니다.5. 전체적인 조리 방법은 지방 섭취를 줄이기 위해 튀기거나 부치기 대신 굽기, 찜, 삶는 방법을 주로 선택하나 맛을 내기 위해 적당량의 식물성기름(참기름, 들기름 등)은 사용하여도 좋습니다.","신선한 채소를 비롯한 잡곡, 저지방 어육류, 생선, 두부 그리고 제철 과일과 우유 등 균형잡힌 식사","고지방 어육류 : 갈비, 삼겹살, 육류의 껍질과 기름, 장어, 햄류 등고콜레스테롤 식품 : 내장류, 새우, 오징어, 계란노른자 등기름진 음식 : 탕류, 중국음식, 튀김류, 전류 등염장 식품 : 김치류, 젓갈류, 장아찌류, 건어물 및 자반 생선류 등가공식품 : 햄류, 통조림류, 라면 등국물류 : 국, 찌개 등",
고마그네슘혈증식,"고마그네슘혈증은 허약, 구역질과 함께 불쾌감을 일으키고 호흡이 느려지고 혼수상태가 되며 심하면 사망에 이를 수 있습니다. 따라서 정상범위의 수준을 조절하기 위해 고마그네슘혈증 시에는 마그네슘 섭취를 최대한 줄이는 식사를 합니다.","1. 균형잡힌 식사를 합니다.2. 마그네슘이 풍부한 코코아, 견과류, 대두 등을 피합니다.3. 전곡류 대신 도정된 곡류를 이용합니다.4. 과다한 유제품 섭취를 피합니다.","백미 등의 도정된 곡류, 고기, 생선 등의 양질의 단백질식품","코코아, 아몬드, 땅콩, 호두, 잣, 대두, 보리, 현미, 통밀, 우유, 계란, 시금치, 무청, 근대, 컬리플라워, 브로컬리, 부추 당근 등",신장이 일차적으로 혈액내 마그네슘 수준을 조절하기 때문에 고마그네슘혈증은 신장기능의 이상과 밀접한 관계가 있습니다.  따라서 고칼륨혈증이 있는 경우에는 마그네슘의 함량이 낮은 식품이라 하더라도 칼륨함량이 높을 수 있으므로 주의를 요합니다.
결핵식,체중감소와 체조직 소모를 방지하지 위하여 충분한 식사량의 유지 및 어육류나 두부 계란을 통한 단백질 식품의 섭취가 병행 되어야 합니다.,"1. 평소 체중을 유지하기 위하여 규칙적으로 식사하도록 합니다.2. 매끼 양질의 어육류나 두부, 계란등을 통한 단백질 섭취를 규칙적으로 합니다.3. 수분섭취는 충분히 하도록 합니다.4. 결핵에 대한 저항력을 기르기 위해 한국인 영양요구량 수준의 비타민 보충을 합니다.","양질의 살코기, 생선살, 두부, 계란","민간요법, 건강보조식품",흡연으로 인한 기관지염 등은 추가적인 세균감염의 가능성이 있으므로 금연하도록 합니다.
갑상선암식,"갑상선암 환자는 정상인과 마찬가지로 특별히 주의해야 할 음식은 없습니다.일반적으로 수술 전/후 일반적인 균형잡힌 식사를 유지합니다. 단, 수술 후 부갑상선 기능저하증이 발생하여 칼슘 수치가 떨어진 경우와 갑상선암 수술 후 방사성 동위원소 치료를 할 경우 요오드 섭취를 제한할 필요가 있습니다.","1. 수술전/후 특별한 지시사항이 없다면 균형잡힌 식사를 유지합니다.- 하루 세끼 규칙적으로 섭취하고 반찬을 골고루 먹습니다.- 곡류, 어육류, 채소류, 과일류, 유제품, 지방 섭취를 골고루 합니다.- 채소반찬은 매끼 두가지 이상 충분히 먹습니다.- 과일은 하루 1~2회정도 섭취합니다.- 양념과 조미료 사용은 적당히 사용하며 너무 맵고 짜지 않게 합니다.2. 부갑상선 기능 저하증이 발생하여 칼슘수치가 떨어진 경우에는 칼슘이 많이 들어가 있는 음식을 섭취합니다.- 우유 치즈와 같은 유제품, 뼈째 먹는 생선, 두부류 권장3. 갑상선암 수술 후 방사성 동위원소 치료를 할 경우 치료 전 2주간 저요오드식을 시행합니다.- 해산물,유제품,달걀 등 요오드가 다량 함유된 식품을 피합니다.- 허용된 육류의 경우 하루섭취량을 150g 미만으로 분량을 조절합니다.- 음식은 무요오드 소금, 정제염, 맛소금 등으로 사용하여 조리하고 천일염과 호염은 사용하지 않습니다.- 가공식품 섭취를 제한하고 가능한 간식은 직접 만들어 먹습니다.","특별히 권장되는 식품은 없으므로 일반적인 항암식품 섭취가 권장됨- 잡곡류, 콩, 생선류, 브로콜리, 파프리카, 버섯, 토마토, 키위와 같은 다양한 색깔을 지닌 채소 및 과일류, 견과류 등..","일반적으로 주의식품은 필요없으나 갑상선암으로 방사성 동위원소 치료를 받을 경우 아래와 같은 요오드 함량이 높은 식품은 제한해야합니다.- 천일염, 어패류 및 해산물(생선,조개,굴,멸치 등), 해조류(미역,김,다시마,파래 등), 계란, 천일염으로 담근 김치, 다시다, 집에서 담근 장류, 우유, 치즈, 아이스크림, 마요네즈, 아몬드",치료여부 및 기간에 따라 식사조절 방법이 다르므로 치료에 맞는 식사요법을 택해 실천합니다.
갑상선기능항진증,갑상선기능항진증은 대사 증가로 체중감소 및 음성 질소 균형과 근육손실을 초래할 수 있습니다. 이를 방지하기 위하여 충분한 열량과 단백질 공급이 필요합니다.,"1. 적정체중 유지를 위하여 충분한 열량 및 단백질을 섭취합니다.2. 과도한 땀과 설사로 인한 탈수를 예방을 위해 수분을 충분히 섭취합니다.(3~4L/d)3. 식욕저하 시 식사를 소량씩 자주 섭취하고 간식을 이용합니다.4. 식사량이 적을 경우 영양음료를 이용하여 보충하도록 합니다.5. 카페인, 알코올 등 자극적인 식품의 섭취를 피합니다","- 곡류 및 전분류 (쌀밥, 전곡, 잡곡밥, 국수, 떡, 식빵, 씨리얼, 감자, 고구마, 밤 등)- 채소 및 과일류 (채소, 김치  미역, 다시마, 버섯, 토마토, 딸기, 주스 등 )- 고기, 생선, 달걀 및 콩류 (쇠고기, 돼지고기, 닭고기, 생선, 달걀, 두부, 콩 등)- 우유 및 유제품 (우유, 요쿠르트, 치즈, 아이스크림)","- 카페인 음료, 술- 지방 함량이 높아 소화가 잘 안되는 음식","혈당 조절이 안될 경우에는 단순당의 섭취를 제한하고 당뇨 식사 관리에 준하여 섭취합니다.갑상선기능항진증에는 식사 중 요오드 섭취를 제한하지 않습니다. 단, 방사성 요오드 치료 시에는 치료 시작 2주 전부터 저요오드식을 시행합니다"
갑상선기능저하증,"갑상선기능저하증은 체중증가, 변비, 혈중 콜레스테롤 상승, 철결핍성 빈혈 등의 증상을 동반할 수 있습니다. 이들 증상을 교정하고  균형잡힌 식사를 하도록 합니다.","1. 매끼 골고루 섭취하여 균형적인 식사를 합니다.2. 정상체중을 유지하도록 합니다.3. 변비가 있을경우 고섬유소 식사(채소, 과일, 해조류 및 전곡류, 콩류 등) 와 함께 수분을 충분히 섭취합니다.4. 혈중 콜레스테롤 수치가 증가한 경우 육류 및 생선의 내장이나 오징어, 미꾸라지, 장어, 계란노른자 등 콜레스테롤 함량이 높은 식품은 주1회 정도 섭취로 줄입니다.5. 철결핍성 빈혈이 있을 경우 철분 함량이 높은 식품(간, 굴, 생선, 육류, 계란노른자 등)을 섭취합니다","- 곡류 및 전분류 (쌀밥, 전곡, 잡곡밥, 국수, 떡, 식빵, 씨리얼, 감자, 고구마, 밤 등)- 채소 및 과일류 (채소, 김치  미역, 다시마, 버섯, 토마토, 딸기, 주스 등 )- 고기, 생선, 달걀 및 콩류 (쇠고기, 돼지고기, 닭고기, 생선, 달걀, 두부, 콩 등)- 우유 및 유제품 (우유, 요쿠르트, 치즈, 아이스크림)","균형잡힌 식사 시 체내 필요한 충분한 양의 요오드를 함유하고 있으므로 요오드 성분을 지나치게 많이 섭취하지 않습니다. 예를 들어 많은 양의 다시마를 갈아서 먹거나 , 달여서 차로 마시지 않습니다.","요오드가 부족하거나 지나치게 많이 섭취하는 것은 갑상선 기능에 좋지 않은 영향을 줍니다. 성인의 1일 권장섭취량은 150㎍이며, 요오드는 해조류, 어패류, 요오드염 등에 많이 함유되어 있습니다."
뇌졸중식,"뇌졸중으로 인해 삼킴곤란이 발생한 경우는 흡인성 폐렴 등의 합병증을 일으킬 수 있습니다. 안전하게 삼키기 위해서는 적절한 식사 형태의 변형, 식사 자세의 교육이 필요합니다.","1. 구강 식사만으로 충분한 영양분과 수분섭취가 어려우면 비위관 및 위루관을 통한 위관영양을 전문가 관찰 하에 시행할 수 있습니다.2. 4주 미만의 위관영양이 필요한 경우에는 비위관 영양요법을, 4주 이상 위관 영양이 필요한 경우는 위루관을 권장합니다.3. 경구로 식사가 가능한 경우는 식사의 점도, 질감을 조절하여 액체 형태보다 걸쭉한 형태(꿀농도, 넥타 농도 등)의 식사를 합니다.","1. 물, 주스, 우유 등 액상 형태의 대부분의 식품은 '점도증진제(음식의 점도 조절용)'를 섞어서 섭취할 수 있습니다.2. 삼킴 장애가 심하고 씹지 못 할 때는 밥보다는 죽을 쑤어 블렌더로 곱게 갈아 꿀농도만큼 걸쭉하게 드시길 권장합니다.  반찬(고기, 생선살 나물 등)도 익힌 후 죽을 함께 넣고 블렌더로 곱게 갈아 걸쭉하게 드실 수 있습니다.3. 우유 대신 요거트를 권장합니다.","삼킴곤란 시 물, 주스, 우유 등 액체 형태의 식품 섭취는 주의가 필요합니다.","1. 삼킴곤란 시는 흐르는 액체 형태의 물, 주스, 우유등은 기도로의 흡인의 가능성이 있으므로 사래나 기침 등의 증상이 있는 경우 정확한 의료진의 진단이 필요합니다.2. 식사 섭취 시 작은 숟가락을 사용합니다.3. 베개로 등뒤와 옆구리를 받치거나 의자에 허리를 펴고 앉아 턱은 약간 아래로 향하도록 하여 식사합니다.4. 보호자의 관찰 하에 식사합니다.5. 탈수를 방지하기위해 점도증진제를 적절히 이용하여 수분 섭취를 합니다."
뇌경색식,"뇌경색 환자의 경우 음식을 먹고 마실 때 기침, 사래가 걸리거나 계속 입에 음식을 물고 있는 등의 어려움이 있을 때는 삼킴곤란(연하장애)이 있는지 전문가의 정확한 진단이 필요합니다. 삼킴곤란이 진단된 경우는 기도로의 흡인이 일어날 수 있으므로 안전한 삼킴을 위해서는 적절한 식사형태의 조절, 식사 자세의 교육이 필요합니다.","1. 구강식사로 충분한 양의 영양과 수분섭취가 불가하면 비위관 및 위루관을 통한 위관영양을 전문가 관찰하에 시행합니다. 이 때에는 의료진의 진료가 필요합니다.2. 4주 미만의 위관식사가 필요한 경우는 비위관으로, 4주이상 식사가 필요한 경우는 위루관을 권장합니다.3. 경구로 식사가 가능한 경우는 식사의 점도, 질감을 조절하여 액체형태보다 걸쭉한 형태(꿀농도, 넥타농도 등)의 식사를 합니다.","1. 물, 주스, 우유 등 액상 형태의 대부분의 식품은 '점도증진제(음식의 점도 조절용)'를 섞어서 섭취할 수 있습니다.2. 삼킨 장애가 심하고 씹지 못 할 때는 밥보다는 죽을 쑤어 블렌더로 곱게 갈아 꿀농도만큼 걸쭉하게 드시길 권장합니다. 반찬(고기, 생선살, 나물 등)도 익힌 후 죽을 함께 넣고 블렌더로 곱게 갈아 걸쭉하게 드실 수 있습니다.3. 우유대신 걸쭉한 요거트를 권장합니다.","삼킴곤란 시 물, 주스, 우유 등 액체형태의 식품 섭취는 주의가 필요합니다.","1. 삼킴곤란 시는 흐르는 액체 형태의 물, 주스, 우유등은 기도로의 흡인의 가능성이 있으므로 사래나 기침 등의 증상이 있는 경우 정확한 의료진의 진단이 필요합니다.2. 식사 섭취 시 작은 숟가락을 사용합니다.3. 베개로 등뒤와 옆구리를 받치거나 의자에 허리를 펴고 앉아 턱은 약간 아래로 향하도록 하여 식사합니다.4. 보호자의 관찰 하에 식사합니다.5. 탈수를 방지하기위해 점도증진제를 적절히 이용하여 수분 섭취를 합니다.6. 고혈압이 있는 경우 젓갈, 장아찌, 자반 등 염장식품은 피합니다.7. 당뇨가 있는 경우 규칙적인 식사를 하고 간식은 되도록 피합니다."
노인식,노인들은 노화로 인한 여러 가지 생리기능의 변화와 만성질환으로 인한 식욕부진으로 영양결핍증이 초래될 위험도가 높으므로 적절한 영양상태와 건강 유지를 위해 필요합니다.,"1. 다양한 식품을 골라 균형식을 섭취합니다. 다섯 가지 기초 식품을 중심으로 하루 30가지 이상의 식품을 먹습니다.2. 양질의 단백질을 알맞게 섭취합니다. 고기나 생선, 계란, 콩과 콩제품 등 양질의 단백질을 매일 먹습니다.3. 지방과 기름은 적당히 먹습니다.  지방과 기름은 하루에 5~8티스품 정도로 섭취하는 것이 좋습니다.  특히 트랜스지방은 하루 섭취열량 중 1%를 넘지 않도록 합니다.4. 채소와 과일은 매일 섭취합니다.  다양한 채소 반찬과 제철 과일을 매일 먹습니다.5. 칼슘과 철분을 충분히 섭취합니다.6. 짠 음식은 피하고 싱겁게 먹습니다.  노인은 미각이 감퇴하여 짜게 먹는 경향이 있으므로 소금(염분) 이외에 다른 향신료를 이용하여 음식 맛을 내어 싱겁게 먹도록 하여야 합니다. 장아찌, 젓갈과 같은 짠 음식은 피합니다.7. 술을 절제하고 물을 충분히 마십니다.8. 세 끼 식사를 규칙적으로 알맞게 먹으며 과식을 피해야 합니다. 하루 1~2컵의 우유 또는 두유를 간식으로 먹습니다.9. 음식은 먹을 만큼 준비하고, 오래된 것을 먹지 않도록 합니다.10. 적당한 운동으로 식욕과 적정 체중을 유지합니다.",골고루 섭취,"술, 젓갈, 장아찌","1. 연하곤란이나 씹는데 문제가 있는 노인은 먹는 능력이 떨어져 섭취량이 부족하므로 고영양식을 해야 합니다.2. 음식의 크기와 모양은 작은 크기로 하며 씹기 힘든 육류나 섬유질이 많은 과일, 채소 섭취가 어려우면 흰살 생선이나 섬유질이 적은 부드러운 과일, 채소를 사용합니다.3. 음식을 다지거나 갈아서 부드럽게 하고 자극적이지 않게 조리합니다."
급성췌장염식,"췌장염 시 복통, 메스꺼움 , 설사 등의 증상으로 초기 섭취가 불량하여 체중감소가 발생할 수 있으며, 이를 예방하기 위해 적절한 식사요법이 필요합니다.","1. 경미한 상태의 급성 췌장염 환자는 처음 2~5일간의 금식이 필요합니다.2. 증상이 가라앉으면 소량의 맑은 미음식사로 시작하여 차츰 미음, 연식으로 진행합니다.3. 일반식으로 진행하면서 저지방 식품을 선택하여 섭취합니다.4. 중증도가 높은 급성 췌장염 환자는 의료진의 처방에 따라서 정맥영양 또는 경장영양이 필요할 수 있습니다.","기름기 적은 살코기(돼지고기, 소고기), 닭고기(껍질 제거), 생선, 두부, 각종 야채 등","도넛, 볶음밥, 라면, 케잌, 페스츄리, 갈비, 삼겹살, 기름이 많은 등심, 안심, 생선통조림, 장어, 튀김류, 전류 등","음주, 흡연은 췌장효소의 분비를 촉진시켜 췌장을 자극하므로 삼가도록 합니다."
급성신부전식,"심한 탈수, 쇼크, 심부전, 신장질환, 요로결석, 종양 등의 원인으로 갑자기 신기능이 떨어진 상태로 몸안의 노폐물을 배출하는데 문제가 생긴 상태입니다. 원인질환의 치료라기보다 오심, 구토 등으로 음식을 잘 먹지 못해 영양부족이 유발될 수 있고, 부종, 고혈압, 요독증을 교정하기 위해 보존적 치료법으로서 염분, 수분, 단백질, 무기질 등의 섭취량 조절이 일시적으로 필요합니다.","1. 증상 완화를 위해 응급으로 투석(복막, 혈액)을 하는 경우, 투석시 식사요법을 시행합니다.2. 충분한 열량을 섭취합니다.3. 싱겁게 먹습니다.4. 필요시 수분 섭취를 줄입니다.5. 인, 칼륨(포타슘)은 혈중 수치에 따라 섭취량을 조절합니다.6. 단백질 섭취를 제한합니다. 체중 1kg당 0.5g~0.8g정도 섭취합니다.","1. 고기, 생선, 두부, 계란 등 단백질이 많은 식품은 한 끼니당 1토막(40~60g)정도만 섭취합니다.2. 단백질 제한으로 인한 열량 부족을 보충하기 위해 음식 요리시 올리브유, 들기름, 카놀라유 등의 기름과 설탕, 올리고당 등 당류를 충분히 사용할 것을 권장합니다.3. 싱겁게 드셔야 하므로, 소금, 간장, 된장 등 사용량을 줄이고 고추가루, 후추가루, 겨자가루, 식초 등의 향신료를 사용해보십시오.","1. 염분이 과다한 식품; 염장식품(장아찌, 젓갈), 김치, 라면, 건어물, 찌개국물 등2. 단백질이 과다한 건강기능식품, 콩가루 등","기도삽관이나 수술 후 장페색이 있는 경우는 음식 및 수분의 경구섭취가 불가할 수 있습니다. 고포타슘혈증, 폐부종, 요독증, 심부전 등이 치료되지 않을 경우는 매일 혹은 일정기간마다 투석을 해야 할수 있으며, 영양상태에 따라 단백질 등 영양 섭취량을 달리해야 합니다."
급성골수성백혈병식,골수 이식 직후에는 감염을 예방하기 위하여 익힌음식 위주로 섭취하며 빠른 회복을 도모하기 위해 균형잡힌 고른 식품섭취를 하도록 합니다.,"1. 곡류, 어육류, 채소류, 과일류, 우유류를 고루 섭취합니다.2. 식사량이 부족한 경우 의사의 처방에 의해 관급식이나 정맥영양제를 통해 영양보충을 계획할 수 있습니다.3. 식사량이 부족하면 간식으로 포함하여 소량씩 자주 섭취합니다.4. 매끼 양질의 어육류나 두부, 계란 등을 섭취합니다.5. 고기나 생선은 반드시 익혀서 섭취하도록 합니다.","잘 익힌 생선이나 살코기, 잘 씻은 채소, 껍질 벗긴 과일","익히지 않은 생선이나 고기, 생선회, 육회, 생선초밥","골수이식 직후에는 멸균식(sterile diet)을 하도록 합니다.1. 동물성식품을 익혀서 섭취합니다.2. 야채는 익혀서, 과일은 세정 후 껍질을 벗겨서 섭취합니다.3. 시판제품 중 살균, 멸균 조리된 제품을 이용합니다.4. 조리된 식품은 2시간 이내에 냉장보관하며, 24시간내 먹도록 합니다.5. 조리전, 식사전에 손을 깨끗이 씻도록 합니다.6. 가공식품은 유통기한을 확인하도록 합니다."
급성/만성 위염식,위염으로 인한 급/만성 증상으로 식사 섭취에 제한을 받을 수 있습니다.,"1. 급성 위염에는 1-2일 정도 금식하고 차츰 미음, 죽식, 일반식으로 이행합니다.2. 소화가 쉽고 자극이 적은 음식을 소량씩 자주 나눠 섭취하도록 합니다.3. 만성 위염에는 골고루 섭취하며 천천히 잘 씹고 과식하지 않으며 규칙적으로 식사하는 것이 필요합니다.","부드럽게 조리된 단백질 식품(살코기, 흰살생선, 계란찜 등)","진한 육즙, 자극성이 강한 조미료, 커피, 술, 신음식, 탄산음료","중노년층에 자주 나타나는 무산성 위염은 위산의 분비를 촉진하기 위해 어느정도 자극성이 있는 무즙, 파, 마늘, 생강 등을 양념으로 적당히 사용하거나 식사 전 유자차나 레몬차, 주스, 요구르트 등을 마시는 것도 도움이 될 수 있습니다."
급만성 림프모구성백혈병식,골수 이식 직후에는 감염을 예방하기 위하여 익힌 음식 위주로 섭취하여 감염을 막고 빠른 회복을 도모하기 위해 균형잡힌 고른 식품섭취를 하도록 합니다.,"1. 곡류, 어육류, 채소류, 과일류, 유제품류를 고루 섭취합니다.2. 식사량이 부족한 경우 의사의 처방에 의해 관급식이나 정맥영양을 통해 영양보충을 계획할 수 있습니다.3. 식사량이 부족하면 간식을 포함하여 소량씩 자주 섭취합니다.4. 매끼 양질의 어육류나 두부, 계란 등을 섭취합니다.5. 고기나 생선은 반드시 익혀서 섭취하도록 합니다.","잘 익힌 생선이나 살코기, 잘 씻은 채소, 껍질은 벗긴 과일","익히지 않은 생선이나 고기, 생선회, 육회, 생선초밥","조혈모세포이식 직후에는 멸균식(sterile diet)을 하도록 합니다.1. 동물성 식품은 반드시 익혀서 섭취합니다.2. 야채는 익혀서, 과일은 세정 후 껍질을 벗겨서 섭취합니다.3. 시판제품 중 살균, 멸균 조리된 제품을 이용합니다.4. 조리된 식품은 2시간 이내에 냉장보관하며, 24시간내 먹도록 합니다.5. 조리 전, 식사 전에 손을 깨끗이 씻도록 합니다.6. 가공식품은 유통기한을 확인하도록 합니다."
궤양성대장염식,"질환 자체가 영양소의 소화흡수에 영향을 미치는 한편 칼로리, 단백질 및 미량 영양소의 요구량을 증가시켜 영양불량이 초래될 수 있습니다.  따라서 궤양성 대장염 환자에서 적절한 영양지원이 필요합니다.",1.  소량씩 잦은(하루 6회 이상)식사로 자극을 줄이면서 영양소의 흡수를 높이도록 합니다.2.  저잔사식사를 통해 대변의 양을 감소시킵니다.3.  설사로 인한 탈수를 방지하기 위해 충분한 수분섭취를 병행합니다.(kg당 30cc)4.  유당불내성이 있으면 우유나 유제품은 제한합니다.5.  중쇄중성지방(MCT oil)과 영양음료를 사용하여 부족되는 칼로리를 보충합니다.6.  증상과 개인 순응도에 따라 점차 일반식사로 이행합니다.,,개인적으로 불편감을 초래하는 식품,"약물 사용에 따른 영양소의 상호작용을 고려해야합니다.1. 코티코스테로이드(Corticosteroids) : 칼슘, 단백질 흡수저해2. 설파살라진(Sulfasalazine) : 엽산 흡수저해3. 콜레스티라민(Cholestyramine) : 지방, 비타민 흡수저해"
구토식,환자의 상태에 따라 섭취가 용이한 음식으로 영양요구량을 충족시켜야 합니다.,"1. 메스꺼움의 완화. 메스꺼움을 유발하는 특정 식품과 냄새를 확인하고 피합니다.. 소화가 용이한 음식을 소량씩 자주 제공하며 천천히 섭취하도록 합니다.. 고지방 음식이나 향신료가 강한 음식은 삼가합니다.. 냄새가 없고 마르고 찬 음식을 활용합니다.. 가능하면 환자 본인이 음식을 조리하지 않도록 합니다.. 일정한 시간에 메스꺼움이 반복되면 식사 시간을 재 조정합니다.2. 구토. 구토가 조절되기 전에는 먹지 않도록 하고, 구토가 멈추면 10분 마다 물을 1스푼씩 먹으며 차츰 늘려 가고 적응이 되면 우유, 요구르트, 주스, 고단백음료 등을 조금씩 추가 합니다.. 음료로 냉음료, 탄산음료 및 주스를 선택하여 마십니다.. 식사는 더운 음식은 피하고 찬 음식을 선택합니다.. 위배출을 지연시키는 튀김류 및 지방 함량이 높은 음식을 삼가합니다.. 소화가 용이한 음식을 소량씩 자주 제공하며 천천히 섭취하도록 합니다.. 토스트한 흰빵, 크래커, 아침식사용 시리얼 등을 활용합니다.","토스트, 시리얼, 샌드위치, 냉 과일 샐러드, 찬 고기요리, 크래커","강한 향미 채소류, 커피, 진한 양념 음식, 고지방식","1. 식후에 휴식을 취하되 눕지 마십시요.2. 식후에 느슨한 옷을 입고 신선한 공기를 마시면 좋습니다.3. 아침에 일어나기 전에 고탄수화물, 저지방 음식을 섭취합니다."
대장양성종양식,대장암 예방을 위한 건강한 식사 계획이 필요합니다.,"1. 채소, 과일, 잡곡 등 섬유소가 풍부한 식사를 합니다.2. 육류의 기름이나 가금류의 껍질, 버터 등의 포화지방이 많은 식품의 섭취를 줄입니다.3. 저지방 고칼슘 유제품을 섭취합니다.4. 정상체중을 유지합니다.5. 금주합니다.","신선한 채소와 과일, 유제품","기름진 붉은육류, 알코올, 가공식품","칼로리가 높은 식품 섭취를 줄이고, 조리 시에도 기름 사용이 적은 찜, 조림 등의 방법을 활용합니다."
대장암식,"일반적으로 대장암의 예방 또는 수술 후 재발방지를 위한 균형잡힌 식사를 유지합니다.특히 섬유소를 증가시키기 위해 잡곡, 채소, 과일의 섭취를 늘리고, 과체중이나 비만인 경우 체중조절이 필요합니다.","1. 정상체중 유지를 위해 과식하지 않습니다.2. 편식하지 말고 영양분을 골고루 균형되게 섭취합니다.3. 녹황색 채소와 과일을 통해 비타민, 무기질과 섬유소의 섭취를 증가시킵니다.4. 도정되지 않은 곡류식품을 섭취합니다.5. 육류 섭취 시에는 살코기를 선택합니다.6. 총 지방 섭취를 줄입니다.7. 저지방 유제품을 하루 식사계획에 포함시킵니다.8. 금주합니다.","신선한 채소와 과일, 유제품","기름진 붉은 육류, 알코올, 훈연(smoking), 소금에 절임 처리된 가공식품(햄, 소시지, 베이컨 등)","1. 대장암 수술 직후 약1-2달 간에는 고섬유식품 섭취를 줄이도록 합니다.2. 수술 부위, 장루의 유무에 따라 저잔사식과 같은 식사요법이 필요합니다."
대사증후군식,"대사증후군이란 복부비만, HDL-cholesterol, 혈압, 공복 시 혈당, 중성지방의 5가지 인자 중 3가지 이상의 장애가 있는 경우로 정의됩니다.인슐린 저항성이 가장 중요한 원인으로 최근 급격한 생활 수준의 향상으로 인해 과거 영양부족 문제보다는 영양과잉과 서구화된 식생활로 발생 빈도가 증가되고 있습니다. 대사증후군의 치료를 위해서는 운동과 함께 식사 조절이 반드시 필요하겠습니다.","1. 하루 3끼 식사를 거르지 않는 것이 좋습니다.2. 일정한 시간에 규칙적으로 식사하는 것이 좋습니다.3. 식사는 천천히 꼭꼭 씹어서 먹는 것이 좋습니다.4. 기름기 적은 음식을 위주로 섭취하는 것이 좋습니다.5. 음식은 짜지않게 섭취하는 것이 좋습니다.6. 인스턴트나 패스트푸드보다는 자연음식, 집에서 조리한 음식을 선택합니다.7. 후식, 음료 등의 단 음식은 주의합니다.8. 음식은 골고루 섭취하는 것이 좋습니다.9. 간식은 열량이 적게 나가는 것으로 선택하는 것이 좋습니다.10. 섬유소 많은 음식으로 물과 함께 충분히 섭취하는 것이 좋습니다.","신선한 채소를 비롯한 잡곡, 어육류, 생선, 두부, 견과류 그리고 제철 과일과 우유 등 균형잡힌 식사","고지방 음식염장 식품 : 김치류, 젓갈류, 장아찌류, 건어물 및 자반 생선류 등을 포함한 매우 짠 음식가공식품 :  햄류, 통조림류, 라면 등단 음식",건강하지 않은 식습관은 대사증후군의 주요 위험 요인입니다.복부 비만은 가장 대표적인 위험 요인이므로 적정 체중 유지하며 운동을 병행해야 합니다.야식은 절대 금해야하며 과량의 알코올 섭취는 지방으로 전환될 수 있으므로 금주하는 것이 좋습니다.
대사성산증식,"체내의 대사결과로서 생성되는 산에 의해 발생하는 증상으로 중증의 당뇨병, 기아, 알코올 중독에 의해 발생하게 되므로 원인질환에 맞는 적절한 식사가 필요하게 됩니다.",1. 균형잡힌 섭취를 합니다.2. 소량씩 자주 섭취합니다.4. 충분한 수분 섭취를 합니다.5. 알코올 섭취를 제한합니다.,"고기, 생선, 두부 등의 양질의 단백질 식품, 신선한 채소류, 과일류","과다한 알코올 섭취, 인스턴트 식품, 가공식품, 젓갈 등의 짠 음식",고른 영양섭취가 필요하므로 균형잡힌 식사를 하도록 합니다.
당원병식/당원축적병식,"당원축적병은 간이나 근육 조직에서 글리코겐이 비정상적으로 축적되어 일어나는 대사이상 질환으로 저혈당을 예방하고 간종대, 고지혈증, 고요산혈증, 골다공증 발생을 방지하기 위한 적절한 식사요법이 필요합니다.","1. 잦은 저혈당이 발생할 수 있으므로 낮동안은 전분함량이 높은 식사를 1.5~2.5시간 간격으로 소량씩 자주 식사하며 생옥수수 전분 요법과 병행합니다.2. 과일, 설탕, 우유 등 과당, 갈락토오스, 설탕 함유 식품은 제한합니다.3. 생옥수수 전분은 4~6시간 간격으로 하루 총 4~6회에 걸쳐 섭취합니다.4. 제 III형, 제 IV형 당원병은 글리코겐의 분해는 제한되나 당신생은 정상이기 때문에 저혈당 증세가 제I형 당원병보다 심하지 않습니다.","밥, 잡곡류, 소맥분, 타피오카, 마카로니, 귀리빵, 보리빵, 콩, 수수","생과일, 과일주스, 우유, 아이스크림, 사탕, 설탕, 시럽, 꿀, 일반 추잉껌, 코코아, 커피, 쿠키(포도당을 이용하지 않은 것), 케익(포도당을 이용하지 않은 것), 커스터드 또는 푸딩, 도넛, 설탕으로 코팅된 시리얼, 젤리, 밀크쉐이크, 파이, 청량음료, 차","옥수수 전분은 요리하거나 뜨거운 물 혹은 레몬에이드에 혼합하는 경우 전분입자가 파괴되어 아밀라아제에 의한 가수분해가 빨라져서 혈당을 유지하는 효과가 없어지므로 물, 두유, 플레인 요구르트 등 실온의 액체에 타서 먹도록 합니다."
당뇨병식,"당뇨병은 인슐린이 절대적, 상대적으로 부족하여 고혈당 및 각종대사 장애를 초래하는 질환으로 식사조절을 통해 혈당을 정상에 가깝도록 유지하고 합병증을 최소화하기 위하여 필요합니다.",1. 매끼 일정한 시간에 정해진 분량의 식사를 규칙적으로 섭취합니다.2. 하루 섭취량 안에서 6가지 식품을 골고루 섭취합니다.3. 정상체중을 유지합니다.4. 단당류의 섭취를 삼가합니다.5. 지방 및 콜레스테롤의 섭취량을 줄입니다.6. 섬유소가 풍부한 식사를 합니다.7. 규칙적인 운동을 합니다.8. 술은 되도록 삼가합니다.,"채소류, 열량이 적은 식품(곤약, 해조류, 버섯류, 우뭇가사리, 등)","당질함량이 많은 식품 ( 쵸코렛, 사탕, 탄산음료, 케잌 등)지방함량이 많은 음식(튀김, 전, 샐러드 드레싱, 지나친 견과류 섭취 등)성분이 불분명한 건강기능식품, 한약, 민간요법, 술 등","1. 식사 외 간식을 섭취하는 경우는 하루 섭취량 안에서 식사량을 조절합니다.2. 경구혈당강하제나 인슐린을 맞는 환자의 경우 저혈당에 대비해 사탕 등의 단순당을 지참합니다.3. 지나치게 짠 음식은 피하고, 싱겁게 조리합니다.4. 단맛을 원하는 경우 설탕대신 인공감미료를 사용할 수 있습니다.5. 외식 시 하루 섭취량 및 한끼 식사량을 고려해 개인 접시에 덜어 섭취합니다."
당뇨병성족부병식,균형잡힌 식사조절을 통해 혈당을 정상에 가깝도록 유지하여 족부에 생긴 상처 회복에 도움이 되도록 합니다.,1. 매끼 일정한 시간에 정해진 분량의 식사를 규칙적으로 섭취합니다.2. 하루 섭취량 안에서 6가지 식품을 골고루 섭취합니다.3. 정상체중을 유지합니다.4. 단당류의 섭취를 삼가합니다.5. 지방 및 콜레스테롤의 섭취량을 줄입니다.6. 섬유소가 풍부한 식사를 합니다.7. 술은 되도록 삼가합니다.,"1.상처 회복을 위한 고단백 식품2.넉넉한 채소 섭취3.열량이 적은 자유 식품(곤약, 해조류, 버섯류, 우뭇가사리, 등..)","1.당질함량이 많아 혈당을 급격히 올리는 식품 : 쵸코렛, 사탕, 탄산음료, 케잌, 청량음료수2.성분이 불분명한 건강기능식품, 한약, 민간요법 등..",1. 당뇨병성 신증 및 단백질 제한이 필요한 환자에게 당뇨병성 족부 질환이 발생되면 상처 회복이 우선이므로 회복기까지는 단백질 제한을 풀고 적당량의 단백질 식품을 섭취하다가 회복 후 예전의 식사(단백질 제한식사)로 변경합니다.2. 상처 회복을 위해 잘 드시라고하는 말이 간식 등을 많이 섭취하라는 얘기가 아니므로 하루 섭취량 안에서 균형잡힌 식사를 하도록 합니다.
담낭암식,"담낭염의 경우 고지방음식 섭취 후에 발생하는 복부팽만, 소화불량, 통증 등 증상을 예방하고, 손실된 영양을 보충하기 위해 적절한 식사요법이 필요합니다.","1. 정상체중을 벗어나지 않도록 표준체중을 유지합니다.2. 결석으로 인한 통증 발생 시에는 소량씩 자주 나누어 섭취합니다.3. 고지방 음식 섭취를 피합니다.4. 지방이 적은 살코기, 생선, 두부 등으로 단백질을 섭취합니다.5. 섬유질이 풍부한 신선한 채소, 과일, 잡곡, 해조류 등을 충분히 섭취합니다.6. 금주합니다.","쌀밥, 잡곡밥, 살코기(쇠고기, 돼지고기), 껍질 벗긴 닭고기, 생선, 두부, 콩, 각종 야채, 저지방 우유 등","도넛, 볶음밥, 라면, 케이크, 페스츄리, 갈비, 삼겹살, 기름이 많은 등심, 안심, 장어, 튀김류 등","지나친 지방 제한은 불필요하며, 필수지방산 섭취를 위하여 소량의 식물성 기름을 사용합니다."
단장증후군식,"소장의 상당 부분을 절제하여 영양소의 흡수기능이 저하됨으로써 흡수불량, 소화불량, 탈수, 영양불량을 예방하기 위해 식사요법이 필요합니다.","1. 장을 50% 이상 절제한 경우 평소의 1.5~2배를 섭취해야 체중유지가 가능합니다.2. 적절한 열량, 영양소를 공급하기 위해 균형잡힌 식사를 합니다.3. 적절한 단백질 반찬을 섭취합니다.4. 과다한 지방 섭취는 심한 설사를 유발할 수 있으므로 제한합니다.5. 찜, 조림, 구이, 삶기 등의 조리법을 이용합니다.6. 하루 5~6회로 나누어 소량씩 자주 섭취합니다.7. 카페인이나 술의 섭취는 수술 후 1년 정도는 피하도록 합니다.","연한 쇠고기, 돼지고기, 계란, 두부, 닭고기(껍질제외), 생선(껍질제외), 부드러운 야채, 사과, 복숭아, 수박, 과일 통조림, 무지방우유, 푸딩, 영양보충음료 등","잡곡류, 질긴 육류, 햄류, 조개류, 콩비지, 도라지, 고사리 등의 질긴 야채, 말린 나물, 설익은 과일, 감, 씨채 먹는 과일(딸기, 키위 등), 말린 과일, 해조류, 견과류 등","증상에 따라 식사요법이 달라질 수 있습니다.초기 설사가 안정되면 물이나 음료를 통해 장의 적응을 촉진하도록 하고 적응 상태에 따라 미음, 죽 식사로 진행합니다."
다발성골수종식,진단 이후 치료를 받기위해 충분한 영양공급을 통해 암 치료를 돕고 부작용을 최소화 하기위해 식사요법이 필요합니다.,"암을 치료하는 특별한 식품이나 영양소는 없으며 균형잡힌 식사로 좋은 영양상태를 유지하는것이 중요합니다. 그러기 위해서는 충분한 에너지와 단백질, 비타민 및 무기질을 공급할 수 있는 식사를 섭취해야 하며, 이는 여러가지 음식을 골고루 먹음으로써 가능합니다.암환자의 일반적인 식사지침1. 아침, 점심, 저녁을 규칙적으로 섭취하고 반찬은 골고루 먹습니다.2. 매끼 단백질 반찬을 꼭 먹습니다.(고기, 생선이 싫다면 대신 달걀, 두부, 콩, 치즈 등을 섭취)3. 채소반찬은 매끼 2가지 이상 충분히 먹습니다.(씹기 힘든 경우나 삼키기 힘든 경우에는 다지거나 갈아서 섭취)4. 과일은 하루 1~2번, 1가지 이상 먹습니다.(면역력이 저하된 경우 잘 씻어 껍질을 제거하거나 통조림,주스로 섭취)5. 유제품을 하루 1컵 마십니다.(우유가 맞지 않을 경우에는 요쿠르트, 두유, 치즈, 아이스크림으로 대체)6. 밥은 매끼 1그릇 정도 먹습니다.(밥 섭취가 어려울경우 죽, 빵, 크래커, 떡, 감자, 고구마, 국수, 미숫가루 등으로 대체하며, 밥 섭취량이 적을 경우에는 간식으로 보충)7. 열량보충이 필요하다면 식물성 기름을 충분히 사용합니다.8. 양념과 조미료는 적당히 사용합니다.","잡곡, 견과류, 두류, 다양한 색의 채소 및 과일류","술, 비위생적인 식품, 가공식품, 건강보조식품, 성분이 모호한 민간요법 식품","다발성골수종 질환 자체의 영향으로 고칼슘혈증, 신기능장애, 빈혈 등의 증상이 동반이 될수 있습니다. 환자에게 동반되는 증상과 치료상태에 따라 식사요법의 원칙이 달라질수 있으므로 의료진, 영양전문가와 상의하여 식사처방을 받도록 합니다.항암치료 중에 항암제와 상호작용을 일으키거나 부작용을 유발할 수 있는 건강보조식품, 한약 등의 복용은 피하는 것이 좋습니다."
복막염식,"치료 전까지는 금식하고, 금식기간이 지난 후에는 충분한 영양을 보충하여야 한다.","1. 식사량은 조금씩 증가시키며, 한꺼번에 많은 양을 먹지 않도록 합니다.2. 처음엔 유동식 형태로 시작하여, 연식, 일반식으로 진행합니다.3. 소화가 잘 되는 식품을 선택하여 부드럽게 조리합니다.4. 장을 자극하는 섬유질이나 장 내 발효성 식품을 제한합니다.5. 충분한 열량과 단백질, 비타민, 무기질을 공급합니다.","부드럽게 조리한 육류 및 생선류,  섬유질이 적은 채소, 연한 과일 및 주스","식사 초기에 섬유질이 많은 채소, 우유 및 유제품, 커피, 술, 향신료, 탄산음료",1. 환자의 적응도에 따라 식사를 진행시킵니다.2. 영양 공급이 충분하지 못하면 영양음료를 사용합니다.
변비식,충분한 섬유소와 수분섭취로 변비를 예방합니다.,"1. 규칙적으로 식사합니다.2. 도정되지 않은 전곡류의 섭취를 늘립니다.3. 채소, 해조류를 충분히 섭취합니다.4. 통조림, 주스보다 생과일 섭취를 늘립니다.5. 섬유소의 효과적 흡수를 위해 하루 6-8잔 정도의 물을 충분히 마십니다.6. 우유 및 발효 유제품을 섭취합니다.","보리, 현미 등의 잡곡류, 고구마, 통밀빵, 모든 채소, 말린 나물류, 생과일, 미역, 김, 다시마, 건자두(푸룬), 발효유 등","감, 쑥 등 탄닌이 많은 식품",1. 섬유소 섭취가 갑자기 증가하면 위장장애를 일으킬 수 있기 때문에 소량씩 점진적으로 증가시키도록 합니다.2. 하루 25~50g정도의 섬유소 섭취량이 적절합니다.
바이러스성 간염식,"충분한 에너지와 단백질을 공급하여 영양 상태를 개선하고 손상된 간세포를 재생시켜 간혈류를 개선, 간기능을 회복시킵니다.","1. 회복을 위해 충분한 에너지 섭취가 필요하므로 당질과 지방을 통해 에너지 섭취를 늘립니다. 식사량이 적을 시에는 감자, 고구마 , 과일, 주스 등의 간식을 자주 먹습니다.2. 고기, 생선, 두부, 계란 등의 단백질 반찬을 충분하게 먹습니다.3. 부족한 비타민 및 무기질 보충을 위해 채소와 과일을 충분하게 먹습니다.","밥, 떡, 감자, 고구마, 과일, 야채, 단백질 식품( 살코기, 생선, 계란, 두부, 콩 등 )",,녹즙 등 고농축 음식이나 민간요법은 간기능을 약화 시킬 수 있으므로 주의합니다.
말기신질환식,"신장기능이 떨어지면 노폐물 제거와 전해질 균형이 제대로 이루어지지 않기 때분에 섭취하는 음식의 종류와 양을 조절할 필요가 있습니다.  좋은 영양상태를 유지하는 것이 목표이므로 체조직의 분해를 예방하기 위한 충분한 열량 섭취와 요독증을 줄이기 위한 적절한 단백질 섭취가 필수입니다.  또한 부종과 고혈압 조절을 위한 염분제한이 필요하며, 전해질 불균형이 악화되는 것을 막기 위해 포타슘, 인 섭취 조절이 필요할 수도 있습니다.",1. 단백질 섭취를 제한합니다.2. 충분한 열량을 섭취합니다.3. 싱겁게 먹습니다.4. 포타슘(칼륨)섭취를 줄입니다.5. 인 섭취를 줄입니다.,"1. 단백질 제한으로 인한 열량 부족을 보충하기 위해 음식 요리 시 올리브유, 들기름, 카놀라유 등의 기름과 설탕, 올리고당 등 당류를 충분히 사용할 것을 권장합니다.2. 싱겁게 드셔야 하므로, 소금, 간장, 된장 등 사용량을 줄이고 고추가루, 후추가루, 겨자가루, 식초 등의 향신료를 사용합니다.3. 외식 시는 염분 조절이 어렵지만 스스로 소스나 양념양을 조절할 수 있는 비빔밥, 덮밥 등을 권장하고 가급적 국물, 소스, 김치 섭취를 줄입니다.","1. 염분이 과다한 식품 : 염장식품(장아찌, 젓갈), 김치, 라면, 건어물, 찌개국물 등2. 인이 과다한 식품 : 우유, 요구르트, 치즈, 잡곡, 견과류 등3. 포타슘이 과다한 식품 : 현미, 흑미, 팥등의 잡곡, 시금치, 늙은 호박, 미나리, 시래기, 바나나, 토마토, 키위, 참외 등",1. 단백질 섭취를 줄이는게 도움이 되지만 너무 줄이면 체조직이 분해되어 좋지 않으므로 전문가의 처방에 따라 적절한 단백질(식품)을 섭취합니다.2. 식사양이 줄어 열량 섭취가 줄면 체조직이 분해되어 체중이 감소하고 노폐물이 쌓이게 되므로 밥 1공기 정도의 충분한 식사량을 유지합니다.
만성피로증후군식,"피로를 유발하는 원인 질환을 정확히 파악하고, 피로에 대한 기능적, 정서적인 적절한 대처와 균형잡힌 영양공급이 요구됩니다.",1. 균형잡힌 식사를 합니다.2. 비타민과 미네랄이 풍부한 과일과 야채를 충분히 섭취합니다.3. 과식은 피하고 규칙적으로 식사합니다.4. 적절한 체중을 유지합니다.,"신선한과일, 야채,저지방 고단백식품(두부,살코기, 흰살생선등)복합탄수화물(밥, 빵, 떡, 감자,고구마등)","카페인, 니코틴, 알코올, 설탕, 아스파탐",1. 특정 음식에 대한 과민 반응이 있을 경우 제한 합니다.2. 규칙적인 운동을 합니다.3. 충분한 수면을 취합니다.
만성폐쇄성폐질환식,정상체중을 유지하고 체중감소를 방지하기 위한 적절한 식사량을 유지함으로써 호흡근육의 소모를 막고 적절한 영양상태를 유지하는 것이 중요합니다.,"1. 식품 섭취를 골고루 합니다.2. 매끼니 살코기나 생선, 두부, 계란 등을 챙겨서 섭취합니다.3. 식사를 소량씩 나누어 천천히 식사하도록 합니다.4. 식사 중간에 국물이나 수분 섭취는 과다하게 하지 않도록 합니다.5. 지나치게 기름지거나 가스를 형성하는 식품의 섭취는 삼가합니다.","기름기를 제거한 살코기, 생선, 껍질 벗긴 과일","가스형성식품 : 탄산음료, 함황채소(브로커리, 양배추)기름진 식품 : 튀김류",1. 식사 전 30분간은 휴식합니다.2. 식사 중 피로감이 유발되면 잘게 자르거나 갈아서 섭취하도록 합니다.
만성신부전식,"신장기능이 떨어지면 노폐물 제거와 전해질 균형이 제대로 이루어지지 않기 때분에 섭취하는 음식의 종류와 양을 조절할 필요가 있습니다.  좋은 영양상태를 유지하는 것이 목표이므로 체조직의 분해를 예방하기 위한 충분한 열량 섭취와 요독증을 줄이기 위한 적절한 단백질 섭취가 필수입니다.  또한 부종과 고혈압 조절을 위한 염분제한이 필요하며, 전해질 불균형이 악화되는 것을 막기 위해 포타슘, 인 섭취 조절이 필요할 수도 있습니다.",1. 단백질 섭취를 제한합니다.2. 충분한 열량을 섭취합니다.3. 염분 섭취를 줄입니다.4. 포타슘(칼륨)섭취를 줄입니다.5. 인 섭취를 줄입니다.,"1. 단백질 제한으로 인한 열량 부족을 보충하기 위해 음식 요리 시 올리브, 참기름, 설탕을 충분히 사용할 것을 권장합니다.2. 싱겁게 드셔야 하므로, 소금/간장/된장 등 사용량을 줄이고 고추가루, 후추가루, 겨자가루, 식초 등의 향신료를 사용해보십시오.3. 외식 시는 염분 조절이 어렵지만 스스로 소스나 양념양을 조절할 수 있는 비빔밥, 덮밥 등을 권장하고 가급적 국물, 소스, 김치 섭취를 줄입니다.","1. 염분이 과다한 식품; 염장식품(장아찌, 젓갈), 김치, 라면, 건어물, 찌개국물 등2. 인이 과다한 식품; 우유, 요구르트, 치즈, 잡곡, 견과류 등3. 포타슘이 과다한 식품; 현미, 흑미, 팥등의 잡곡, 시금치, 늙은 호박, 미나리, 바나나, 토마토 등",1. 단백질 섭취를 줄이는게 도움이 되지만 너무 줄이면 체조직이 분해되어 좋지 않으므로 처방에 따라 적절한 단백질(식품)을 섭취합니다.2. 식사양이 줄어 열량 섭취가 줄면 체조직이 분해되어 체중이 감소하고 노페물이 쌓이게 되므로 밥 1공기정도의 충분한 식사량을 유지합니다.
만성담낭염식,"고지방음식 섭취 후에 발생하는 복부팽만, 소화불량, 통증 등 증상을 예방하고, 손실된 영양을 보충하기 위해 적절한 식사요법이 필요합니다.","1. 저지방 육류, 저지방 생선을 선택합니다.2. 튀김, 볶음, 전류 등 고지방 조리법을 피하고 조림, 찜, 굽기 등의 조리법을 사용합니다.3. 복부팽만을 초래하는 식품을 피합니다.4. 소화가 잘 되는 식품을 선택합니다.","식빵, 쇠고기, 돼지고기 살코기, 껍질벗긴 닭고기, 가자미, 새우, 두부, 저지방 우유, 신선한 과일 등","도너츠, 패스츄리, 갈비, 삼겹살, 소꼬리, 햄, 장어, 치즈, 아이스크림, 후렌치 드레싱 등","지나친 지방 제한은 불필요하며, 필수지방산 섭취를 위하여 소량의 식물성 기름을 사용합니다."
만성 췌장염식,체중감소를 최소화하고 내분비 기능 저하에 의해 발생할 수 있는 당뇨를 예방 또는 관리하기 위해 식사요법이 필요합니다.,"1. 반드시 금주합니다.2. 식사량을 소량씩 천천히 증가시키며 과식하지 않습니다.3. 지방변이 있는 경우 지방의 섭취를 줄입니다.4. 지방이 적고 부드러운 부위의 육류, 흰살 생선, 닭가슴살, 달걀 등의 단백질 식품을 섭취합니다.5. 자극성이 강한 향신료, 조미료, 카페인 등을 제한합니다.","기름기 적은 살코기(돼지고기, 소고기), 닭고기(껍질 제거), 생선, 두부, 각종 야채 등","도넛, 볶음밥, 라면, 케잌, 페스츄리, 갈비, 삼겹살, 기름이 많은 등심, 안심, 생선통조림, 장어, 튀김류, 전류 등","음주, 흡연은 췌장효소의 분비를 촉진시켜 췌장을 자극하므로 삼가도록 합니다.필요시 MCT 기름을 사용합니다."
덤핑증후군식,덤핑증후군은 부분적 또는 전체적 위 절제수술이나 유문괄약근 제거 수술 후의 합병증으로 나타납니다. 따라서 위 수술 후 영양적으으로 적합한 식사를 환자에게 공급하고 덤핑증후군의 증상을 완화시키기 위해 식사조절이 필요합니다.,1. 소량씩 자주 섭취합니다.2. 모든 음식은 충분히 씹고 천천히 삼킵니다.3. 단당류는 삼투효과가 높으므로 단당류가 많은 음식의 과잉섭취는 피합니다.4. 지방은 소화가 되는 범위내에서 식사에 적절히 포함시키도록 합니다.5. 물이나 음료수 등은 식사 중에는 섭취를 피하고 식간에 섭취하도록 합니다.6. 식사 후 15~30분 간은 비스듬히 누운 자세를 취하여 위장의 음식물 통과를 늦추도록 합니다.,"소화되기 쉬운 부드러운 식품, 기름기가 적은 살코기, 생선 등의 양질의 단백질 식품, 달지 않은 식품","사탕, 설탕, 꿀, 젤리 등의 단당류, 통조림, 아이스크림, 과량의 탄산음료, 기름진 고기, 기름진 국물류, 향신료",수술 후 일부 환자에게서는 유당불내성이 나타나므로 초기에는 우유 및 유제품을 제한하다가 점차로 조금씩 양을 증가시키도록 합니다.
식도정맥류식,"출혈 부위에 자극을 줄이기 위해  식사요법이 필요하며, 식도에 자극이 적은 음식으로 시작, 출혈로 인해 부족한 영양소를 적절하게 공급합니다.","1. 출혈 호전 시까지 금식하며, 이후 미음형태로 소화적응도를 확인합니다.2. 죽과 밥으로 진행하면서 반찬은 부드러운 것을 위주로 먹고, 자극적인 음식 섭취는 피합니다.(매운 양념, 거친 음식, 카페인 및 탄산 음료 등)3. 충분한 단백질 공급을 위해 고기, 생선, 두부, 계란 등 골고루 섭취합니다.4. 부족한 비타민 및 무기질 보충을 위해 부드러운 채소와 과일을 충분하게 먹습니다.5. 부드러운 음식의 적응도 양호시 일반적인 음식으로 섭취하도록 합니다. 단, 반복적인 출혈이 있을시에는 자극이 적은 식품위주로의 섭취를 유지합니다.","밥, 감자, 고구마, 떡 등의 부드러운 곡류 식품, 양질의 단백질 식품( 살코기, 생선, 두부, 계란 , 콩 등),채소, 과일","거친 마른 음식(멸치, 마른오징어, 강정 등), 매운 양념, 카페인 및 탄산 음료,  술 등",식도에 자극적인 약물은 피하는 것이 좋습니다.
식도염식,위산의 식도 역류를 감소시키고 위산분비를 억제하여 식도자극을 줄이도록 하며 하부식도조임근의 압력을 낮추는 식품의 섭취를 제한하여 증상이 완화하도록 합니다.,1. 단백질이 풍부하고 지방은 적게 섭취합니다.2. 과식을 하거나 자극적인 음식은 피합니다.3. 비만인 경우에는 체중 감량을 계획합니다.4. 소량씩 여러번 나누어 먹도록 합니다.,"저지방 고단백식품(두부,살코기, 흰살 생선 등)탄수화물 식품(밥, 빵, 크래커, 국수, 감자 등)","탄산음료, 커피, 강한 향신료, 토마토, 오렌지주스, 매우 뜨겁거나 차가운 음식, 알코올, 쵸코렛, 기름진 음식, 가스형성 식품","1. 너무 꽉 조이는 의복은 피합니다.2. 취침 전 음식 섭취, 식후 바로 눕는 행동을 금합니다.3. 금주, 금연 합니다."
식도암식,"식도암 위험인자를 줄여 예방하고 진단 이후에는 체력유지를 위한 충분한 영양섭취를 위해 식사요법이 필요합니다.식도암의 치료는 식도암의 병기나 종류에 따라 다르며 크게 수술적 치료, 항암치료, 방사선 치료 등이 사용된됩니다. 따라서 각 치료방법을 이해하고 치료에 따르는 부작용으로 인한 영양문제의 대처방법을 숙지하여 영양불량이 되지 않도록 합니다.","식도암 환자 영양관리의 원칙은 균형있는 영양섭취를 통해 신체 회복을 돕고, 치료과정에 수반되는 부작용을 최소화하는 것입니다. 이를 위해 규칙적으로 식사하고 에너지, 무기질, 비타민 등 신체 활동에 필요한 영양소를 골고루 섭취하기 위해 균형잡힌 식사를 합니다.1. 곡류, 어육류, 채소, 과일, 우유, 유지류 등 여러가지 식품을 골고루 섭취하며 편식하지 않도록 합니다.2. 정상체중을 유지할수 있도록 식사 및 간식량을 조절합니다.3. 영양불량이 되지않도록, 질좋은 단백질 식품(고기,생선,두부,계란 등..)을 끼마다 적당량 섭취합니다.4. 한끼 식사량이 많지 않을 경우 간식으로 보충합니다.5. 지나치게 짠 음식, 염장식품 섭취는 피합니다.6. 특정식품을 가리지 않으며, 환자의 기호를 존중하여 식품을 선택합니다.7. 금주합니다.8. 규칙적으로 운동하며 마음을 편하게 갖습니다.","잡곡, 견과류, 콩류, 생선류, 요쿠르트, 파프리카, 당근, 가지, 버섯, 토마토와 같이 다양한 색을 지닌 채소 및 과일류","술, 가공식품, 젓갈과 장아찌와 같은 염장식품, 짜고 뜨거운음식",금연을 합니다. 식사 시 또는 직후 바로 눕지 않습니다.
소화불량식,"기질적인 원인 없이 상복부의 통증 혹은 불쾌감, 구토, 속쓰림이 만성적이거나 반복적으로 발생되는 질환을 기능성 소화불량증으로 정의할 수 있으며 일반적인 치료법으로 식습관과 연관이 있는 요인을 교정하기 위해 식사요법이 필요합니다.","1. 하루 규칙적으로 정해진 시간에 식사를 합니다.2. 과식을 피하고 일회 식사 분량을 적게 하고 하루에 4~5회로 식사 횟수를 늘립니다.3. 식사는 편안하게, 잘 씹어서 천천히 합니다4. 기름기가 많은 튀김류의 섭취를 제한합니다.5. 섬유질이 연하고 부드러운 채소를 선택하여 섭취합니다.6. 즐겁고 맛있게 먹습니다.","1. 기름기가 적은 흰살 생선2. 섬유질이 연한 채소(시금치, 무우, 근대, 당근, 애호박 등)","1. 카페인, 알코올, 탄산음료, 자극성이 강한 조미료.2. 건조식품(육포, 말린 과일, 말린 채소 등)3. 튀긴음식","직화구이, 튀기기, 볶기 등의 조리법은 되도록 피합니다.주로 찌기, 데치기, 끓이기, 삶기 등의 조리법을 이용해 부드럽게 조리합니다."
셀리악병식,셀리악병으로 인한 임상적 증상을 완화시키고 흡수기능을 정상화하며 점막내 융모를 재생시키기 위해 식사요법이 필요합니다.,"글루텐이 함유된 식품의 섭취를 중단합니다. 흡수 불량이 있는 경우에는 비타민, 무기질의 보충이 필요하나 흡수 기능이 정상화되면 보충을 중단합니다. 체중 감소를 예방하기 위해 고칼로리, 고단백식이가 권장됩니다.","쌀, 감자, 콩가루, 옥수수, 고기, 달걀, 모든 채소, 모든 과일, 식물성기름, 버터, 저지방유 등","글루텐 함유식품(밀, 귀리, 호밀, 보리),식품 성분표에 곡분, 유화제, 전분, 안정제, 향료, 맥아, 밀의 눈, 밀가루, 조, 가수분해한 채소 단백질 및 글루텐 함유식품이 언급되어 있는 시판제품","유당불내성이 있는 경우에는 우유 및 유제품을 피하며, 과당흡수장애일 경우 과당함량이 높은 음식을 제한하고, 설탕불내성일 경우 설탕을 제한하나 정상화 되면 제한하지 않습니다."
섭식장애식,"폭식과 구토, 소식 등으로 전반적인 영양 섭취가 부족하여 영양 상태가 불량한 상황이므로 적정 체중을 유지하기 위해 음식을 균형적으로 섭취하고 잘못된 섭식 행동을 수정해야합니다.","1. 폭식이나 구토를 하지 않고 먹을 수 있도록 지속적으로 노력합니다.2. 건강을 위한 적정 체중에 대한 인식을 새롭게 하며, 이에 도달하기 위한 체중 증가에 대해 긍정적인 생각을 갖도록 합니다.3. 평소 섭취량을 감안하여 식사를 하되 간식을 자주 섭취하여 섭취량을 늘립니다. 세끼 식사와 하루 3회 정도의 간식을 병행하며 식사량이 늘어남에 따라 간식 횟수를 조절합니다.4. 균형적인 음식 섭취를 해야하며 개인별로 폭식이나 구토를 하게되는 식품에 대해서는 섭취량을 조절합니다.5. 포만감 및 소화지연이 있는 식품 섭취는 줄입니다.","밥, 떡, 감자, 고구마, 과일, 야채, 단백질 식품( 살코기, 생선, 계란, 두부, 콩 등 )","기름진 가공품, 자극적인 음료",
산모식,출산 후 산모의 소모된 체조직을 점진적으로 정상화하고 수유에 필요한 영양소를 공급하기 위해 소화하기 쉽고 부드러운 음식으로 구성된 균형된 식사가 필요합니다.,"1. 성인여자는 하루에 2,000-2,200칼로리 정도 섭취하는 것이 적당한데 임신 중에는 하루에 300칼로리, 분만한 이후 수유 중에는 500칼로리가 더 필요합니다. 단, 수유를 하지 않는 산모의 경우는 별도의 열량 및 단백질을 보충할 필요는 없습니다.2. 매일 다양한 식품을 골고루 섭취합니다.3. 매끼 고기, 생선, 계란, 두부 등의 단백질 반찬을  1~2가지 챙겨 먹도록 합니다.4. 균형잡힌 다양한 식사와 함께 하루 2~3번의 간식을 섭취합니다.5. 다양한 채소류와 과일, 잡곡 등 비타민과 무기질이 풍부한 음식을 충분히 섭취합니다.6. 물, 과일, 채소주스, 우유 등으로 하루 2.5리터 정도의 충분한 수분을 섭취합니다.7. 자극적이지 않으며 소화되기 쉬운 부드러운 형태의 음식으로 섭취합니다.8. 튀김이나 볶음류보다 구이나 조림, 찜 등으로 부드럽게 조리합니다.9. 매운 맛이 강한 고추, 마늘, 고추가루, 향이 강한 향신료는 모유의 향과 맛에 영향을 줄 수 있으므로 피합니다.",소화하기 쉽고 부드러운 음식,"지방 함량이 높고 소화가 어려운 음식(튀김류, 갈비, 삼겹살, 닭껍질 부위 등)질기거나 딱딱한 음식(말린 오징어, 강정류 등)맵고 짜고 자극성이 강한 음식말린 과일(건포도, 대추, 곶감 등)가공식품","1. 철분제를 먹을 경우 엄마 젖에 철분 함유량이 증가하지 않고 엄마에게 변비가 올 수 있으므로 엄마에게 빈혈이 없는 경우에는 음식으로 섭취하는 것을 권장합니다.2. 산모나 가족 중 음식(계란, 우유나 유제품, 감귤류 등)에 알레르기가 있는 경우 아기에게도 알레르기 반응이 일어날 수 있으므로 주의합니다."
사구체신염식,"다양한 원인에 의해서 사구체에 염증반응이 일어나고 그에 따른 핍뇨, 단백뇨, 신기능 저하, 부종, 고혈압 등의 증상과 징후가 발생하는 질환으로, 음식이 원인은 아니나 단백뇨, 혈압조절을 위해 짜게 먹거나 단백질 섭취를 과다하게 하는 것을 피합니다.",1. 단백질 섭취를 제한합니다.2. 충분한 열량을 섭취합니다.3. 싱겁게 먹습니다.,"1. 고기, 생선, 두부, 계란 등 단백질이 많은 식품은 한 끼니당 1토막(40~60g)정도만 섭취합니다.2. 단백질 제한으로 인한 열량 부족을 보충하기 위해 음식 요리시 올리브유, 들기름, 카놀라유 등의 기름과 설탕, 올리고당 등 당류를 충분히 사용할 것을 권장합니다.3. 싱겁게 드셔야 하므로, 소금, 간장, 된장 등 사용량을 줄이고 고추가루, 후추가루, 겨자가루, 식초 등의 향신료를 사용해보십시오.4. 외식시는 염분 조절이 어렵지만 스스로 소스나 양념양을 조절할 수 있는 비빔밥, 덮밥등을 권장하고 가급적 국물, 소스, 김치 섭취를 줄입니다.","1. 염분이 과다한 식품; 염장식품(장아찌, 젓갈), 김치, 라면, 건어물, 찌개국물 등2. 단백질이 과다한 건강기능식품, 콩가루 등",1. 단백질 섭취를 줄이는게 도움이 되지만 너무 줄이면 체조직이 분해되어 좋지 않으므로 전문가의 처방에 따라 적절한 단백질(식품)을 섭취합니다.2. 식사양이 줄어 열량 섭취가 줄면 체조직이 분해되어 체중이 감소하므로 밥 1공기정도의 충분한 식사량을 유지합니다.3. 신선한 채소와 과일을 섭취합니다.
빈혈식,"철 결핍성 빈혈은 가장 흔하게 나타나는 빈혈로, 적혈구를 만드는 주요한 영양소인 철의 부족으로 헤모글로빈 합성이 저하되어 발생합니다. 성인의 하루 철 섭취권장량은 남자 10㎎, 여자 14㎎ 로 권고되고 있습니다.무엇보다 거의 모든 영양소가 혈액을 만드는데 필요하므로 골고루 균형있게 섭취하는 것이 매우 중요합니다.","1. 규칙적이고 다양한 식품섭취를 합니다.2. 스테로이드 사용 시 과다한 염분 섭취는 삼가합니다.3. 구강내 점막염이 발생한 경우 지나치게 차거나 뜨거운 음식, 향이 강한 식품, 신 음식, 거친 음식의 섭취는 삼가하도록 합니다.4. 매끼 살코기, 생선, 계란 등의 동물성 단백질을 규칙적으로 섭취합니다.5. 철분 흡수를 돕는 비타민C의 보충을 위해 과일이나 채소류를 규칙적으로 섭취합니다.6. 철의 흡수를 방해하는 커피, 홍차, 녹차 등은 식사 전후를 피해서 마시도록 합니다.","색이 짙은 살코기, 생선, 계란, 우유 및 유제품, 색이 짙은 채소, 과일","카페인 음료, 녹즙, 엑기스, 날 음식","조혈모세포이식 직후에는 멸균식(sterile diet)을 하도록 합니다.1. 동물성 식품은 반드시 익혀서 섭취합니다.2. 야채는 익혀서, 과일은 세정 후 껍질을 벗겨서 섭취합니다.3. 시판 제품 중 살균, 멸균 조리된 제품을 이용합니다.4. 조리된 식품은 2시간 이내에 냉장보관하며, 24시간내 먹도록 합니다.5. 조리 전, 식사 전에 손을 깨끗이 씻도록 합니다.6. 가공식품은 유통기한을 확인하도록 합니다."
복수식,간질환의 합병증으로  체내에 염분 및 수분 조절에 이상이 생겨 발생한 것이므로 염분 제한이 필요합니다.,"1. 균형적인 식사를 합니다. 복부 팽만감 및 소화불량으로 식사량이 적을 시에는 음식을 소량씩 자주 먹습니다.2. 염분(소금 및 장류)섭취를 하루 5g으로 줄인 저염식을 합니다.- 절임류, 염분 첨가된 국물류 등 염분이 많은 식품은 섭취하지 않습니다.- 염분 첨가 되지 않은 자연식품에 매끼 염분 1g(소금 1/2찻술)만 추가 사용하여 먹습니다.- 염분 외의 매운맛, 신맛, 단맛, 식물성 기름 등을 적절하게 사용합니다.",염분이 첨가되지 않은 자연식품,"절인음식( 김치, 젓갈, 장아찌, 자반류, 마른 반찬, 햄, 소시지 등), 국국물 등 염분 많은 음식",녹즙 등 고농축 음식이나 민간요법은 간기능을 약화시킬 수 있으므로 주의합니다.
요로결석식,결석의 생성을 최소화하고 배설을 촉진시키기 위해 식사의 조정이 필요합니다.?,충분한 수분을 섭취하여 소변을 희석시켜 결정물질의 용해와 배설을 촉진시키고 결정의 생성을 최소화하여야 합니다.?,"충분한 수분(시간당 250~300ml), 고섬유소 식품","수산함량이 높은 식품(생맥주, 차, 코코아, 견과류, 딸기류, 귤 등)",비타민 C 보충제는 요중 수산 배설을 증가시키므로 하루 1g 이하로 제한합니다.?
열량조절식,"비만은 제2형 당뇨병, 고지혈증, 인슐린저항성, 담낭질환, 수면무호흡, 관상동맥 질환, 고혈압, 골관절염, 대장암, 유방암, 난소암 등 여러가지 수많은 건강 상의 문제들을 야기하게 됩니다. 따라서 효과적인 체중감량을 위한 열량섭취 조절에 따른 식사요법이 병행되어야 합니다.","1. 개인의 건강, 생활 상황에 알맞은 섭취량을 결정합니다.2. 하루 세끼 규칙적인 식사와 정해진 간식을 섭취 합니다.3. 식사는 가능한 천천히 합니다.4. 튀김류, 부침류, 볶음류, 기름진 육류 섭취를 줄입니다.5. 당분이 과량 첨가된 음식(사탕, 탄산음료, 초콜릿, 케이크 등)은 피합니다.6. 신선한 채소와 해조류는 충분히 섭취합니다.7. 금주합니다.","채소류,  해조류, 곤약, 무가당 차음료(녹차 등), 물(보리차, 생수, 탄산수 등)","가공식품(라면, 과자, 쿠키, 도넛 등) , 패스트푸드(햄버거, 피자, 감자튀김 등) , 기름진 육류, 통조림 과일, 가당 우유 및 아이스크림, 당분이 첨가된 음료수, 견과류(땅콩, 호두, 잣 등), 주류(소주, 맥주, 막걸리 등)",1. 규칙적인 운동을 병행합니다.2. 행동수정 요법(자기관찰/자기조절)을 병행합니다.3. 초저열량식사는 부작용이 따르는 식사요법으로 전문가의 관찰과 통제 하에 실시합니다.4. 외식은 하루 한번 이상하지 않습니다.
알콜성간질환식,"과다한 음주로 인한 불균형적인 영양 섭취를 교정하고 회복을 위해 단백질, 비타민 및 무기질의 영양소를 충분히 공급합니다.","1. 금주 합니다.2. 금주 직후에는 회복에 필요한 충분한 에너지 공급을 위해 식사 외에도 간식을 자주 섭취합니다. 하지만 장기적으로는 건강한 체중 유지를 위한 식사를 하도록 합니다.3. 충분한 단백질 공급을 위해 고기, 생선, 두부, 계란 등 골고루 섭취합니다. 단, 간성혼수가 있을 시에는 단백질 섭취를 줄입니다.4. 부족한 비타민 및 무기질 보충을 위해 채소와 과일을 충분하게 먹습니다. 필요시 보충제를 섭취합니다.5. 복수 및 부종이 동반된 경우 저염식을 병행합니다.","밥, 감자, 고구마, 떡 등의 곡류 식품, 양질의 단백질 식품( 살코기, 생선, 두부, 계란 , 콩 등),채소, 과일",술,녹즙 등 고농축 음식이나 민간요법은 간기능을 약화 시킬수 있으므로 주의합니다.
알츠하이머식,"지적 능력의 감퇴와 우울증으로 인하여 식사 섭취량이 감소하는 반면에 행동의 변화로 에너지 소비량이 증가되어 체중감소와 탈수증의 위험이 높고 영양불량이 되기 싶습니다. 반면 말기 단계에 이르면 점차 활동량이 줄어들고 누워지내는 경우가 많아 욕창, 근육위축, 상처회복 지연 등의 문제가 빈발할 수 있어 세심한 영양관리가 필요합니다.","1. 초기단계에는 과식하거나 이물질을 삼키는 것에 주의합니다.2. 지나친 체중감소나 체중증가를 예방하고 정상체중을 유지합니다.3. 변비, 탈수를 예방하기 위해, 수분, 식사량조절에 주의하십시오.4. 식사시 환자 스스로 식사할 수 있도록 격려함으로써 기능적 독립성을 유지합니다.5. 입으로 먹을 수 없을 경우 관으로의 위관영양이 필요할 수 있습니다.(의료진과 상의 필요함.)6. 한번에 한가지 음식을 제공합니다.7. 수저를 제대로 사용할 수 없는 경우 손가락 음식을 이용합니다.","1. 삼킴 장애(곤란)가 심하고 씹지 못 할 때는 밥보다는 죽을 쑤어 블렌더로 곱게 갈아 꿀농도만큼 걸쭉하게 드시길 권장합니다.  반찬(고기, 생선살, 나물 등)도 익힌 후 죽을 함께 넣고 블렌더로 곱게 갈아 걸쭉하게 드실 수 있습니다. 사래가 자주 걸릴 경우는 물, 주스, 우유 등 액상 형태의 대부분의 식품은 '점도증진제(음식의 점도 조절용)'를 섞어서 섭취해 볼 수 있습니다.2. 수분섭취가 부족하지 않도록 물, 유제품, 과일등을 식간에 섭취합니다.3. 손가락으로 집을 수 있도록 음식의 크기를 적당히 잘라주십시오.","1. 삼킴곤란시 물, 주스, 우유 등 액체형태의 식품 섭취는 주의합니다.2. 비만시는 달고(주스, 음료, 사탕, 과자 등), 기름진 음식(튀김, 볶음, 전 등)은 피해봅니다.","1. 식사량을 증가시키고 기능적 독립성을 유지하기 위해서는 식탁에 너무 여러 음식을 차려놓지 말고, 한번에 한두가지 음식만 앞에 놓아두고, 손에 숟가락을 쥐게 하여 한술 떠서 입에 넣도록 도와줍니다.2. 손가락을 이용하여 집을 수 있는 음식을 이용하는 것도 도움이 됩니다.3. 서두르지 말고 천천히 식사하도록 도와줍니다."
아토피성 피부염식,"아토피성 피부염이라고 해서 반드시 식품 알레르기가 있는 것은 아닙니다. 따라서 식품 알레르기가 없는 아토피성 피부염일 경우 특별한 식사요법은 필요하지 않습니다. 하지만 식품 알레르기가 있는 아토피성 피부염이 의심될 경우 정확한 알레르겐(항원) 검사를 통해 원인 식품을 제한하는 식사요법, 즉 회피요법이 필요합니다. 식품 알레르기의 원인이 되는 식품의 섭취를 엄격히 제한함으로서 아토피 피부염의 증상을 완화시킬 수 있습니다.","1. 아토피 피부염의 원인 식품을 정확히 진단한 후, 이들을 식사에서 제외시키고 대체 식품을 찾아서 영양적 불균형이 생기지 않도록 해야 합니다. 원인 식품은 식사와 간식에서 엄격히 제외되어야 하며, 원인 식품이 재료로 사용된 음식뿐 아니라 이들과 접촉한 음식까지도 섭취하지 않도록 합니다. 특히 계란이나 우유는 가공 식품의 재료로 많이 이용되므로 이들에 대한 알레르기가 있는 경우, 식품 성분표를 확인한 후 섭취하는 것이 필요합니다.2. 산양유는 알레르기 예방 또는 대체 분유로는 부적당하며, 식품 알레르기가 없는데도 불구하고 우유, 계란, 밀가루, 콩, 두유, 땅콩 등 알레르기 고위험 식품을 제한하는 것은 아이의 성장을 저해할 수 있으므로 신중히 고려되어야 합니다.","식품 알레르기와 같이 있는 경우 알레르기 원인 식품을 제외한 모든 음식, 특히 단백질과 아연이 풍부한 육류를 충분히 섭취하는 것이 좋습니다","식품 알레르기와 아토피성 피부염이 동반되어 있는 경우 알레르기 원인 식품 및 이를 포함한 모든 음식의 섭취를 금합니다. 예를 들어 계란 알레르기가 있는 환아의 경우 계란 뿐만 아니라 계란이 포함된 가공식품, 빵류, 부침개, 튀김옷(계란이 포함된), 마요네즈 등을 모두 먹어서는 안됩니다. 또한 계란옷을 입힌 전류의 계란옷만 벗긴 후 음식을 먹인다거나 계란이 얹어진 국수에서 계란만 덜어내고 국수를 먹이는 경우에도 알레르기 반응을 보일 수 있으므로 계란과 접촉한 모든 식품이나 음식의 섭취를 금해야 합니다. 계란은 여러가지 음식의 재료로 사용되므로 식품 성분표를 잘 확인하는 것도 중요합니다.","아토피 피부염을 일으킬 수 있는 원인 식품은 여러 가지가 있으나, 그 중 계란, 우유, 달걀, 콩, 땅콩, 밀가루가 흔합니다. 하지만 이 모든 식품들을 무조건 피할 경우 성장장애 등의 더 큰 문제로 이어질 수 있으므로 식품 알레르기가 의심되면 알레르겐(항원) 검사를 통해 이를 정확히 진단한 후, 올바른 식사요법을 시행하는 것이 중요합니다."
십이지장궤양식,"복통 등의 증상으로 식사 섭취량이 줄어서 체중 감소 및 영양결핍이 나타날 수 있으므로, 영양상태를 유지 또는 개선하면서 소화성 궤양의 증상을 최소화합니다.","1. 위산분비를 증가시키는 음식을 주의합니다. (알코올, 후추, 커피-디카페인 포함)2. 골고루 규칙적으로 식사하며, 과식하지 않습니다. (잦은 간식은 위산분비를 증가시킬 수 있으므로 삼가합니다.)3. 양질의 단백질 식품(생선, 두부, 계란, 살코기 등)을 충분히 섭취합니다.4. 소화흡수에 문제가 없다면 섬유소는 충분히 섭취합니다.5. 취침 전 야식은 피하도록 합니다.6. 금주 합니다.",오메가-3 지방산이 풍부한 등푸른 생선,"알코올,  카페인 함유식품(커피, 콜라, 코코아 등), 과도한 양념과 조미료",1. 금연은 궤양치료에 도움이 될 뿐 아니라 입맛을 좋게 하므로 담배를 끊는 것이 좋습니다.2. 개인에 따라 불쾌감을 주는 음식이나 음료는 삼가합니다.3. 잦은 우유 섭취는 위산 분비량 증가의 원인이 되므로 주의합니다.
심근경색식,"심장의 부담을 줄이고, 울혈성 심부전을 예방하며 고혈압 조절을 위해 염분 제한이 필요합니다.또한, 과량의 식사는 위를 팽창시켜 호흡 곤란을 일으키거나 식후 발열을 증가시켜 심장의 부담을 줄 수 있으므로 소량씩 잦은 식사가 바람직하며 비만인 경우 체중 조절 필요합니다.장기적으로 영양 교육을 통해 체중 조절의 중요성을 강조하며 콜레스테롤과 포화지방의 섭취 제한이 필요합니다.","1. 밥은 현미, 보리 등을 섞은 잡곡밥이 좋으며 기호에 따라 적정량 혼식합니다. 단, 입맛에 맞지 않을 경우 무리하게 잡곡밥을 고집하지 말고 쌀밥을 섭취합니다.2. 고기, 두부, 생선 등의 단백질 반찬도 골고루 섭취하되 고기는 기름기와 껍질을 제거한 살코기로 섭취합니다.3. 채소찬은 제철 채소를 이용하여 싱겁게 조리하되 장아찌, 김치 등의 염장식품은 지양합니다.4. 간식은 정규 식사 사이에 제철 과일과 우유로 섭취합니다.5. 전체적인 조리 방법은 지방 섭취를 줄이기 위해 튀기거나 부치는 대신 굽기, 찜, 삶는 방법을 주로 선택하나 맛을 내기 위해 적당량의 식물성기름(참기름, 들기름 등)을 사용합니다.6. 또한 염분량은 소금을 기준으로 1일 3g만 추가하도록 합니다.7. 저염식 적응을 위해 조리 시 미리 염분을 넣는 것보다 무염 조리 후 따로 분량의 저염 소스를 곁들이는 것이 더욱 효과적입니다.","신선한 채소를 비롯한 잡곡, 저지방 어육류, 생선, 두부 그리고 제철 과일과 우유 등 균형잡힌 식사","고지방 어육류 : 갈비, 삼겹살, 육류의 껍질과 기름, 장어, 햄류고콜레스테롤 식품 : 내장류, 새우, 오징어, 계란노른자기름진 음식 : 탕류, 중국음식, 튀김류, 전류염장 식품 : 김치류, 젓갈류, 장아찌류, 건어물 및 자반 생선류가공식품 : 햄류, 통조림류, 라면국물류 : 국, 찌개","회복 정도에 따라 급성기인 처음 24시간 동안은 미음 섭취하고 그 후 적응도에 따라 죽->밥으로 서서히 진전시킵니다카페인에 의해 특히 위험한 심부정맥이 발생될 수 있으므로 카페인 함유 음료를 제한합니다Hyperhomocysteinemia인 경우 엽산, 비타민 B6, 비타민 B12가 많이 함유된 식품 (잡곡, 살코기, 콩류, 푸른잎 채소 등)을 선택합니다"
신증후군식,"좋은 영양상태를 유지하는 것이 목표이며 체조직의 분해를 예방하기 위해 충분한 열량 섭취와 적절한 단백질 섭취가 필수입니다.  하지만 사구체의 손상을 막고, 신질환(콩팥병)이 진행되는 것을 막기위해 과다한 단백질 섭취는 피하는게 좋습니다. 또한 몸이 붓는 것(부종)을 조절하고, 혈압을 조절하기 위해서는 염분(나트륨) 섭취를 줄이는게 필요합니다.",1. 단백질 섭취를 제한합니다.2. 충분한 열량을 섭취합니다.3. 싱겁게 먹습니다.4. 필요시 수분 섭취를 줄입니다.,"1. 고기, 생선, 두부, 계란 등 단백질이 많은 식품은 한 끼니당 1토막(40~60g)정도만 섭취합니다.2. 단백질 제한으로 인한 열량 부족을 보충하기 위해 음식 요리시 올리브유, 들기름, 카놀라유 등의 기름과 설탕, 올리고당 등 당류를 충분히 사용할 것을 권장합니다.3. 싱겁게 드셔야 하므로, 소금, 간장, 된장 등 사용량을 줄이고 고추가루, 후추가루, 겨자가루, 식초 등의 향신료를 사용해보십시오.4. 외식시는 염분 조절이 어렵지만 스스로 소스나 양념양을 조절할 수 있는 비빔밥, 덮밥등을 권장하고 가급적 국물, 소스, 김치 섭취를 줄입니다.","1. 염분이 과다한 식품; 염장식품(장아찌, 젓갈), 김치, 라면, 건어물, 찌개국물 등2. 단백질이 과다한 건강기능식품, 콩가루 등",1. 단백질 섭취를 줄이는게 도움이 되지만 너무 줄이면 체조직이 분해되어 좋지 않으므로 전문가의 처방에 따라 적절한 단백질(식품)을 섭취합니다.2. 식사양이 줄어 열량 섭취가 줄면 체조직이 분해되어 체중이 감소하므로 밥 1공기정도의 충분한 식사량을 유지합니다.3. 신선한 채소와 과일을 섭취합니다.
식품 알레르기식,"식품 알레르기가 의심될 경우 정확한 알레르겐(항원) 검사를 통해 원인 식품을 제한하는 식사요법, 즉 회피요법이 필요합니다. 식품 알레르기의 원인이 되는 식품의 섭취를 엄격히 제한함으로서 식품 알레르기로 인한 아토피 피부염의 증상을 완화시킬 수 있습니다.","1. 아토피 피부염의 원인 식품을 정확히 진단한 후, 이들을 식사에서 제외시키고 대체 식품을 찾아서 영양적 불균형이 생기지 않도록 해야합니다. 원인 식품은 식사와 간식에서 엄격히 제외되어야 하며, 원인 식품이 포함된 음식 및 이들과 접촉한 음식까지도 섭취하지 않도록 합니다. 특히 계란이나 우유는 가공 식품의 재료로 많이 이용되므로 이들에 대한 알레르기가 있는 경우, 식품 성분표를 확인한 후 섭취해야 합니다.2. 수유를 하는 아이의 경우 검사를 통해 우유 알레르기가 확인되면 일반 분유를 가수분해 분유로 바꾸어 먹여야 하며, 모유 수유아의 경우에는 모유를 끊는 것이 좋고, 모유를 끊을 수 없거나 끊기가 힘든 경우 엄마가 우유 및 우유가 포함된 음식을 먹으면 안됩니다. 돌이 지난 아이의 경우에도 생우유를 먹일 수 없으므로 생우유 대신 가수분해 분유를 섭취해야 성장에 필요한 칼슘이나 비타민을 섭취할 수 있습니다. 반면 산양유는 우유 알레르기의 대체 분유로는 부적당합니다.3. 식품 알레르기 고위험군의 경우, 임신 중이나 수유 중 엄마의 식이를 제한하는 것은 권장되지 않으며 의학적으로 모유수유를 하지 못하는 경우가 아니라면 4~6개월까지 모유수유할 것을 권장하고, 만약 모유수유를 할 수 없는 경우 일반분유 대신 가수분해 분유를 먹이는 것이 좋습니다. 가수분해 분유를 먹이는 경우가 일반 분유를 먹이는 경우보다 우유 알레르기 발생은 낮추어 주지만 다른 식품에 대한 알레르기 발생을 예방하는 지는 확실하지 않습니다. 또한 이들에게서 일반 분유 대신 콩분유(소이분유)를 먹이는 것은 적절하지 않습니다.4. 일반적으로 이유식은 생후 6개월 이후에 되도록 늦게 시작하는 것이 좋으며 이는 우유, 계란과 같은 고항원성 식품에 대해서도 마찬가지입니다.",식품 알레르기 원인 식품을 제외한 모든 식품 및 음식을 먹도록 합니다.,"식품 알레르기의 원인 식품 및 원인 식품을 함유한 모든 음식을 주의해야 합니다. 예를 들어 계란 알레르기가 있는 환아의 경우 계란 뿐만 아니라 계란이 포함된 가공식품, 빵류, 부침개, 튀김옷(계란이 포함된), 마요네즈 등을 모두 먹어서는 안됩니다. 또한 계란옷을 입힌 전류의 계란옷만 벗긴 후 음식을 먹인다거나 계란이 얹어진 국수에서 계란만 덜어내고 국수를 먹이는 경우에도 알레르기 반응을 보일 수 있으므로 계란과 접촉한 모든 식품이나 음식의 섭취를 금해야 합니다. 계란은 여러가지 음식의 재료로 사용되므로 식품 성분표를 잘 확인하는 것도 중요합니다.",식품 알레르기의 유일한 치료법은 원인 식품에 대한 엄격한 회피요법입니다. 따라서 원인 식품이 무엇인지를 정확히 진단하는 것이 중요합니다. 정확한 진단없이 부모의 짐작만으로 특정 식품을 제한하게 되면 영양적 불균형과 성장 장애를 초래할 수 있으므로 오히려 해가 될 수 있습니다. 또한 식품 알레르기를 진단받은 후에는 원인 식품의 영양소를 포함하고 있는 대체 식품을 찾아 섭취해야 영양결핍을 예방할 수 있습니다. 만약 적절한 대체식품을 찾지 못한 경우에는 부족될 수 있는 영양소를 별도로 처방받아 복용하는 것이 필요할 수 있습니다.
식중독식,"식중독으로 발생하는 설사, 구토로 인해 체액손실이 증가되어 수분 및 전해질, 영양분 등의 불균형을 초래할 수 있어 적절한 영양관리가 필요합니다.","1. 일반적으로 발병 후 24시간 동안 금식합니다.2. 위장의 기능이 회복된 것으로 생각되면 처음에는 유동식으로 시작하며 열량 보충을 위해 고단백 영양음료를 함께 섭취합니다.3. 상태가 호전됨에 따라 부드러운 죽이나, 음식을 섭취합니다.4. 보리, 현미, 콩 등의 잡곡 보다는 부드러운 쌀밥을 섭취합니다.5. 생야채, 해조류의 섭취를 제한합니다.6. 생과일 대신 과일통조림이나 과일쥬스를 마시도록 합니다..7. 매끼 연한 육류, 생선, 두부, 계란 등을 충분히 섭취합니다.8. 식욕이 저하된 경우에는 소량씩 자주 섭취합니다.9. 수분을 충분히 섭취합니다.10. 강한 향신료나 조미료의 사용을 피합니다.11. 견과류의 섭취를 주의합니다.","초기 - 쌀미음, 국물(고기, 생선), 삶은 채소(당근, 호박, 오이, 시금치, 양송이, 가지 등), 보리차, 익힌 생선, 고기, 과일즙회복기 - 쌀밥, 살코기, 계란 두부, 닭고기, 생선, 유제품, 잘 익힌 시금치, 애호박, 당근, 숙주, 양송이 가지, 양상치, 바나나, 과일통조림,","신선한 채소, 견과류(땅콩, 호두, 잣 등), 신선한 과일, 유제품(우유, 두유, 요구르트, 요거트, 저지방 우유), 기름진 육류, 튀김, 주류(소주, 맥주, 막걸리 등), 과량의 된장, 고추장, 고춧가루, 겨자, 커피, 과자 등","1. 맑은 유동식은 대부분의 영양소가 부족하므로 1~2일 이상은 섭취하지 않도록 합니다.2. 상태가 호전되면 비교적 소화되기 쉬운 저지방, 부드러운 식사로 진행하며, 소량씩 자주 먹는 것이 좋습니다.3. 비타민C, 엽산 및 무기질 등이 결핍될 수 있으므로 보충이 필요할 수 있습니다."
"장폐색식, 또는 장유착식",의료진의 판단 하에 일정 기간 장을 휴식시킨 후 합병증없이 정상식으로 이행하기 위해 식사요법이 필요합니다.,1. 급성기에는 금식하고 정맥주사로 영양분을 공급받습니다.2. 상태가 호전되면 의료진의 처방하에 식사를 진행합니다.3. 초기에는 맑은 유동식에서 시작하여 차츰 자극성이나 섬유소가 적은 부드러운 음식으로 섭취합니다.4. 천천히 꼭꼭 씹어 먹습니다.5. 열량보충을 위해 식품에 대한 적응도를 관찰하며 소량씩 자주 먹습니다.6. 수분이 부족하지 않도록 물과 음료를 수시로 섭취합니다.,"곡류: 흰밥, 흰식빵, 국수, 감자어육류: 껍질을 제거한 육류(연한 쇠고기, 돼지고기, 계란, 두부, 생선, 닭고기)채소류: 부드러운 채소류(양송이, 오이, 배추, 무, 양파, 가지, 양송이, 당근, 시금치)과일류: 씨와 껍질을 제거한 과일류(사과, 복숭아, 귤, 포도, 메론, 과일통조림, 주스)우유 및 유제품: 우유, 요플레, 푸딩, 아이스크림기타: 영양보충음료","곡류: 거칠고 섬유질이 많은 잡곡류 (보리, 현미, 율무, 미숫가루, 콩류, 고구마, 옥수수)어육류: 질긴 육류, 햄류, 조개류, 비지채소류: 섬유질이 많은 채소류(김치류, 도라지, 근대, 고사라, 콩나물, 부추, 숙주, 말린 나물, 표고버섯)과일류: 섬유질이 많은 과일류(감, 배, 오렌지, 키위, 토마토, 딸기, 파인애플)해조류: 미역, 다시마, 파래",장폐색의 원인과 경과에 따른 의료진의  정확한 판단하에 식사를 진행합니다.수분과 전해질이 부족하지 않도록 주의합니다.소량씩 식사를 진행해보고 장폐색 증상이 완전히 호전되면 일반식으로 전환하여 균형잡힌 영양을 섭취합니다.
자궁내 성장지연식,"자궁내 성장지연의 원인은 임신중독증, 임산부의 고령화, 만성적인 영양섭취 부족, 빈혈 등으로 다양하며 치료방법은 우선 임신주수와 태아의 성숙도를 파악하고 원인이 되는 요소를 교정 내지 제거하는 것이 치료를 위한 첫걸음이라 할 수 있습니다. 그러나 지금까지 영양 공급을 통한 성장지연의 치료가 시도되고 있으나 연구 결과의 신뢰성은 부족한 상태입니다. 따라서 영양섭취부족의 원인을 잘 이해하고 성장지연을 미연에 방지하는 예방차원의 식사요법이 필요합니다.","1. BMI에 따른 바람직한 체중증가 권장량을 이용하여 자신의 이상적인 체중증가를 예측하고 이에 따른 섭취량을 조절합니다.2. 6가지 식품군(곡류, 채소 및 과일, 어육류, 우유및 유제품, 유지류)중 한가지 식품군도 빠짐 없이 골고루 섭취합니다. 임산부의 1일 식사 구성안을 참고하여 권장기준을 따릅니다.3. 다양한 채소군과 과일군을 선택하여 비타민과 무기질을 충분히 섭취합니다.4. 빈혈을 예방하고 치료하기 위해 철분이 많이 함유된 식품을 섭취합니다.","철분이 풍부한 식품(쇠간, 쇠고기, 굴, 부추, 시금치, 쑥갓, 근대와 같은 초록색 엽채)","1.술, 카페인 함유식품(커피, 콜라, 초콜릿)2. 짠음식(장아찌, 젓갈, 가공식품)",
자궁경부암식,"자궁 경부암은 특별히 섭취를 금하거나 도움이 되는 음식은 없으며, 균형잡힌 음식을 골고루 잘 섭취하여 좋은 영양상태를 유지하는것이 중요합니다.","1. 지나친 과체중과 비만이 되지 않도록 정상 체중을 유지합니다.2. 세끼 식사를 규칙적으로 하며 밥과 반찬을 골고루 먹습니다.3. 매끼 단백질 반찬(고기, 생선, 해물, 콩, 두부, 계란)을 꼭 갖추어 먹습니다.4. 채소와 과일을 충분히 섭취합니다. (하루 5-6접시 정도)5. 지나친 고지방식이는 비만의 원인이 되므로 피하는 것이 좋습니다.6. 식품첨가물, 정제된 식품을 제한하며 짜게 먹지 않도록 합니다.","항암식품(브로콜리, 호박 등 ), 엽산이 풍부한 식품(시금치, 아스파라거스 등..), 해조류, 신선한 과일및 채소","각종 즙이나 엑기스, 한약, 민간요법, 익히지 않은 어육류, 과량의 적색육류 섭취","1. 암에 좋다는 음식보다는 소화가 잘되고 환자가 선호하는 음식으로 섭취하는 것이 좋습니다.2. 음식 간을 제한하지 않는 것이 좋습니다.3. 면역력 저하 시 식사요령과 부작용 시 영양관리 요령을 숙지합니다.4. 특정 음식을 제한하거나 편중해 섭취하지 않습니다.5. 회, 육회와 같은 동물성 날음식 섭취를 피해야합니다.6. 신체 활동량을 늘립니다."
임신성고혈압식,임신성 고혈압은 태반이나 태아로 혈액 공급에 장애가 발생하여 태아의 성장부전이 발생하거나 심한 경우 태아사망의 원인이 될 수도 있으며 출산 후 만성적 고혈압으로 진행될 수도 있습니다. 따라서 혈압을 정상수준으로 유지하고 부종이나 단백뇨 등의 임신중독증으로 진행되는 것을 막아 건강한 태아를 안전하게 분만하기 위해 식사 조절이 필요합니다.,"1. 성인 여자는 하루에 2,000-2,200칼로리 정도 섭취하는 것이 적당한데 임신 중에는 하루에 300칼로리가 더 필요합니다. 하지만 이는 개인에 따라 차이가 있으므로 정상적인 체중 증가 정도(임신 초기 4개월간은 월 1~2kg, 후반기 6개월은 월0.5kg 증가)를 면밀히 점검하면서 상태에 따라 섭취량을 증감하도록 합니다.2. 매일 다양한 식품을 골고루 섭취합니다.3. 단백질 식품은 섭취량을 특별히 양을 제한하지는 않으나 적절한 양을 섭취합니다. 고기, 생선, 계란, 두부 등의 양질의 단백질 식품을 매끼 1~2가지 챙겨 먹도록 합니다.4. 비타민과 무기질(특히, 칼륨, 칼슘, 마그네슘 등)이 풍부한 채소나 과일, 잡곡을 충분히 섭취합니다.5. 육류의 기름이나 닭껍질, 버터 등의 포화지방이 많은 식품의 섭취를 피합니다.6. 계란 노른자, 오징어, 새우, 생선 내장류 등의 고콜레스테롤 식품의 섭취는 주 2회 미만으로 제한합니다.7. 저지방우유나 칼슘강화 요쿠르트 등의 고칼슘 식품을 충분히 섭취합니다.8. 염분 섭취는 하루 소금량 5-10g 정도 제한합니다.< 싱겁게 먹는 방법 >1) 찌개, 탕, 전골 등의 국물 위주의 음식은 염분 함량이 높으므로 자제하고 가능한 맑은 국이나 된장국을 건더기 위주로 먹고 국물은 남깁니다.2) 국물은 다시마, 버섯, 조개, 가다랭이 등을 써서 맛을 내면 염분량을 적게 사용해도 맛있게 먹을 수 있습니다.3) 반찬에는 가능한 싱겁게 간을 하거나 아예 소금이나 조미료(간장,고추장,된장 등)를 사용하지 않고 조리한 후 허용되는 염분 분량으로 다양한 소스를 만들어서 이용하는 것이 도움이 됩니다.4) 생선의 경우 조림보다는 튀김이나 소금간을 하지 않은 구이로 하면 소금을 적게 먹을 수 있으며 미리 간을 하지 않고 그냥 구워서 간장이나 다른 소스에 찍어 먹거나 레몬즙을 뿌리면 소금 없이도 먹을 수 있습니다.5) 김치 대신 싱겁게 담은 물김치나 생채, 겉절이 김치를 이용합니다.6) 인스턴트 식품이나 염장식품은 기본적으로 많은 소금이 포함되어 있으므로 직접 신선한 식품 재료를 사서 조리해서 섭취하는 것이 좋습니다.","칼슘이 풍부한 식품(유제품, 콩류, 들깨, 참깨, 멸치, 뱅어포 등) 단, 멸치 등의 건어물은 염분 함량 높으므로 주의해야합니다엽산이 풍부한 식품(간, 굴, 대구, 콩, 계란, 녹색잎 채소)식이섬유소와 칼륨이 풍부한 식품(잡곡류, 신선한 채소, 제철 과일)","가공식품이나 인스턴트 식품(햄, 어묵, 게맛살, 가공조미료 등)염장식품(젓갈, 장아찌, 김치류)포화지방이 많은 식품(삽겹살, 닭고기 껍질, 햄, 소시지 등)카페인 함유 식품(커피, 홍차, 녹차, 코코아 등)",1. 술과 흡연은 절대 금합니다.2. 임신 주기에 알맞은 체중을 유지합니다.3. 임신 후반기에는 (임신 20∼24주 이후) 주치의와 상의하여 철분과 엽산보충제를 복용합니다.
임신성 당뇨식,임신기간 중에 필요한 영양소를 제공하여 적절한 체중증가와 정상 혈당을 유지하면서 케톤이 발생하지 않도록 당조절이 필요한 식사입니다.,"1. 하루 3끼 식사와 2~3회 간식을 소량씩 자주 섭취합니다.2. 식사와 간식 간격을 적절히 조절하도록 합니다.3. 인슐린 치료 시 밤사이 저혈당을 예방하기 위해 적정량 야식(우유, 두유, 곡류, 빵, 고구마 등의 복합당질 식품)을 섭취합니다.4. 충분한 단백질 공급을 위해 매끼 고기, 생선, 두부, 계란 등의 단백질 식품을 섭취합니다.5. 철분과 엽산이 풍부한 식품을 먹습니다.- 철분이 풍부한 식품 : 간, 난황, 육류, 견과류, 완두콩, 당근, 시금치, 깻잎 등- 엽산이 풍부한 식품 : 호박, 시금치, 고구마, 땅콩, 버섯, 브로콜리 등6. 혈당 조절을 위해 과일은 하루에 1단위 정도(사과 1/3개, 귤 1개, 키위 1개)로 줄입니다.","비타민 C가 풍부한 채소 섭취칼슘보충을 위해 하루 2잔정도의 유제품 섭취열량이 적은 식품(곤약, 해조류, 버섯류, 우뭇가사리 등) 섭취","당질함량이 많아 혈당을 급격히 올리는 식품 : 쵸코렛, 사탕, 탄산음료, 케잌포화지방산(육류기름, 버터, 마가린, 소세지, 햄, 베이컨 등)이 많이 함유된 식품알코올","1. 아침 첫 소변검사를 통해 케톤체가 발생되는지 확인하며, 케톤 발생 시 취침 전 간식량을 늘립니다.2. 변비 예방을 위해 섬유소 섭취를 충분히 섭취합니다.3. 알코올은 임신기간 중 금주를 원칙으로 합니다.4. 카페인은 하루 300mg 이하(커피 2잔정 도의 양)로 제한합니다.5. 임신성 고혈압을 예방하기 위하여 너무 짠 음식은 섭취를 피합니다"
유방암식,"폐경 후 여성의 서구화된 식습관 및 비만이 유방암 발생율을 높일 수 있고, 유방암 진단 후 관리 및 재발 방지를 위해 식사요법이 필요합니다.","1. 적정체중 유지를 고려한 식사 및 간식을 섭취합니다.2. 하루 3끼 식사는 거르지 말고 규칙적으로 합니다.3. 도정된 곡류보다는 전곡류(도정되지 않은 곡류)를 선택하며, 단순당의 섭취를 가급적 줄입니다.4. 육류는 살코기로 주 500g (익힌 고기 300g 정도) 이하로 섭취합니다.5. 식물성 기름(참기름, 들기름, 식용유, 올리브 등)은 한끼에 1-2 찻술 이하로 사용하며 조림, 찜, 무침 등의 조리방법을 주로 이용합니다.6. 생선(흰살, 등푸른 생선)은 주 3~4회 정도 섭취합니다.7. 유제품은 저지방(고칼슘) 제품으로 하루 1~2컵 정도 섭취합니다.8. 다양한 색깔의 야채를 하루 5접시 이상(한끼 2접시) 섭취합니다.9. 다양한 색깔의 과일을 하루 2회 정도 섭취합니다.10. 천연조미료(파, 마늘, 생강, 겨자, 식초, 고추장, 된장, 간장, 소금 등)를 활용하여 기호도에 맞는 식단을 갖춥니다.11. 골다공증을 예방, 치료하기 위한 영양요법을 준수합니다.12. 술, 담배는 금합니다.13. 주 3회 이상 하루 30분 정도는 일광욕을 합니다.14. 주 3회 이상 하루 1시간 정도는 유산소 운동을 합니다.15. 성분과 역할이 불분명한 건강보조식품의 남용은 피합니다.","도정되지 않은 곡류, 등푸른 생선, 저지방고칼슘 우유, 제철 채소, 제철 과일","고열량식, 고지방식, 술",일시적인 식사 요법의 준수가 아닌 꾸준히 지키는 것이 병을 예방하는 지름길 입니다.
윌슨병식,체내의 구리 축적을 줄이기 위해 구리 섭취를 줄이도록 합니다.,"1. 구리함량이 높은 식품 섭취를 피하고 구리함량이 낮은 식품위주로 섭취합니다.2. D-페니실라민을 사용하는 경우, 비타민 B6결핍을 방지 하기 위해 1일 25mg의 비타민 B6를 보충합니다.3. 금주합니다.","쌀밥, 국수, 쇠고기, 닭고기, 계란흰자, 흰살생선, 우유, 채소류, 과일, 식물성 기름, 설탕 등","잡곡류, 내장류, 대두, 오징어, 새우, 양송이 버섯, 말린과일, 견과류, 코코아 등",
위암식,"종양 대사 산물로 인한 체중 감소, 섭취 저하가 나타날 수 있으며 치료 과정 중의 섭취 불량으로 영양불량이 발생할 수 있으므로 적절한 식사요법을 통한 좋은 영양상태의 유지가 필요합니다.","<수술 전>1. 소화부담이 없는 범위 내에서 균형잡힌 식단을 통해 체력을 보충하는 것이 필요합니다.2. 지나치게 자극적인 음식 섭취, 과식, 빨리 먹는 습관은 주의하는 것이 좋습니다.<수술 후>1. 미음 시도 후 흰죽, 영양죽으로 진행하며 하루 6회 이상 식사와 간식을 병행하여야 합니다.2. 보통 수술 후 2-3주 후 경에 밥으로의 진행을 권장하나 일상적인 식사 섭취가 가능한 것은 2달 이상은 예상해야합니다.","수술 전 - 양질의 단백질 식품(고기, 생선, 두부, 계란, 해물), 우유 및 유제품수술 후 - 부드러운 음식(영양죽, 카스텔라, 감자, 잔치국수, 부드럽게 조리한 어육류, 해물, 두부, 계란, 치즈, 생과일주스, 우유 및 유제품, 영양보충음료)","수술 전 - 특정 식품의 제한, 저열량식, 저단백식수술 후 - 거칠고 딱딱한 음식(잡곡, 멸치, 견과류, 섬유질 많은 채소, 해조류, 말린과일,말린채소, 떫은 과일 등)",수술 후 1-2달은 천천히 꼭꼭 씹어 섭취하는 것이 무엇보다 중요합니다. 한끼 식사는 30분 가량 하며 식후 30분 후에 걷는 운동을 많이 하는 것이 좋습니다.
위식도역류질환식,식도와 위 사이의 근육 기능이 악화되면 위 내용물이 위에서 식도로 거꾸로 올라오게 되고 이것이 식도를 자극하게 되어 속쓰림 증상이 나타나게 됩니다. 따라서 이러한 증상을 최소로 낮추기 위해 식사조절이 필요합니다.,1. 정상체중을 유지합니다.2. 규칙적인 식사로 과식이나 포식을 피합니다.3. 단백질 식품을 충분히 섭취합니다.4. 천천히 꼭꼭 씹어 먹으며 식사 도중에 물을 마시지 않습니다.5. 변비는 복압을 높여 위산 역류를 일으키므로 섬유질이 풍부한 식품을 자주 섭취합니다.6. 식사 시 반듯하게 앉아서 먹도록 하며 식후에 적어도 2~3시간 동안은 눕지 않습니다.7. 취침 전 2시간 이내에는 음식을 먹지 않는 것이 좋습니다.,"기름이 적은 육고기, 생선, 두부, 계란 등 양질의 단백질 식품, 각종 채소류(브로콜리, 양파, 마늘, 완두콩, 더덕, 도라지, 당근, 오이 등)","커피, 초콜릿, 박하사탕, 차, 튀김류, 고지방육류, 맵고 짠 음식, 질긴 음식, 탄산음료(콜라, 사이다 등), 오렌지주스, 인스턴트 식품(라면, 햄버거 등)",몸에 꽉 죄는 옷은 복압을 증가시켜 위산 역류를 자극할 수 있으므로 피하는 것이 좋으며 잠을 잘 때는 상체를 높여주는 것이 좋습니다.
위궤양식,"위궤양으로 인한 복통 등의 증상으로 식사 섭취량이 줄어서 체중 감소 및 영양결핍이 나타날 수가 있습니다. 영양상태를 유지, 개선하면서 궤양의 증상을 최소화 하기 위해 식사 요법이 필요합니다.","위산분비를 증가시키거나 위점막을 직접 자극하는 음식(후추, 카페인, 알코올)들과 개별적 증상 악화 식품을 제한합니다.1. 골고루 규칙적으로 식사하고, 과식을 피합니다.2. 자극을 주는 음식이라도 일정한 기간이 지난 후 다시 한번 섭취해 보도록 합니다.3. 천천히 식사합니다.4. 커피, 콜라같은 카페인 음료는 피하고 술을 끊습니다.5. 금연합니다.6. 자극적인 음식재료(고춧가루 등)는 많이 사용하지 않습니다.","부드럽게 조리된 단백질 식품(살코기, 흰살생선, 계란찜 등)","진한 육즙, 자극성이 강한 조미료, 커피, 술, 신음식, 탄산음료",
전이성폐암식,"종양 대사 산물로 인한 체중 감소, 섭취 저하가 나타날 수 있으며 치료 과정 중의 섭취 불량으로 영양불량이 발생할 수 있으므로 식사요법을 통한 좋은 영양상태의 유지가 필요합니다.","1. 세끼 식사를 규칙적으로 하며, 밥과 반찬을 골고루 먹습니다.2. 매끼 단백질 반찬(고기, 생선, 해물, 콩, 두부, 계란)을 꼭 갖추어 먹습니다.3. 채소와 과일을 충분히 섭취합니다. (하루 5-6접시 정도)4. 조리시 식물성 지방을 충분히 사용합니다.5. 우유 및 유제품을 하루 1-2회 먹습니다.","양질의 단백질 식품(살코기, 생선, 해물, 콩, 두부, 계란), 신선한 채소, 과일, 식물성 지방(견과류), 우유 및 유제품","즙, 액기스 등의 건강보조식품, 성분이 불분명한 민간요법, 익히지 않은 어육류","식욕저하 및 다른 이유로 정상적인 식사 섭취가 어려울 경우 시간과 장소, 식품의 종류에 구애받지 말고 원하는 대로 섭취하여 체중을 유지하는 것이 무엇보다 중요하겠습니다.식사 섭취가 부족할 경우 상업용 영양음료의 섭취를 병행합니다."
전이성간암식,"암을 치료하는 특별한 식품이나 영양소는 없으며 균형잡힌 식사로 좋은 영양상태를 유지하는것이 중요합니다. 그러기 위해서는 환자에게 필요한 적절한 에너지와 단백질, 비타민 및 무기질을 공급할 수 있는 식사를 섭취해야 하며, 이는 여러가지 음식을 골고루 먹음으로써 가능합니다.간 기능에 따라 식사의 원칙에 차이가 있습니다. 일반적으로는 충분한 단백질의 섭취가 간의 회복과 재생에 도움이 되지만 간 기능이 저하되어 있는 경우에는 저단백 식이를 하여 간성뇌증이 발생하지 않도록 하여야 합니다.","1. 아침, 점심, 저녁을 규칙적으로 섭취하고 반찬은 골고루 먹습니다.2. 밥은 매끼 1그릇 정도 먹습니다. 밥 섭취가 어려울 경우 죽, 빵, 크래커, 떡, 감자, 고구마, 국수, 미숫가루 등으로 대체하며, 밥 섭취량이 적을 경우에는 간식으로 보충합니다.3. 단백질 반찬을 골고루 챙겨 먹습니다. 탕 종류의 농축된 형태의 식품보다는 반찬으로 조리하여 골고루 섭취하는 것이 좋습니다.4. 채소반찬은 매끼 2가지 이상 충분히 먹습니다.5. 과일은 하루 1~2번, 1가지 이상 먹습니다.6. 유제품을 하루 1컵 마십니다.7. 열량보충이 필요하다면 식물성 기름과 견과류를 충분히 사용합니다.8. 가능한 싱겁게 식사합니다.","현미, 보리, 서리태와 같은 잡곡 및 두류파프리카, 당근, 단호박, 양배추, 케일, 가지 등의 다양한 색의 채소, 과일류","술, 회/육회와 같은 감염 위험이 높은 식품, 젓갈/게장과 같은 염장식품성분이 모호한 건강보조식품 및 달인물/액기스류 (버섯 달인 물, 나무뿌리 달인 물, 즙/액기스류, 성분 미명확 건강보조식품류 )","환자의 질환과 치료상태에 따라 식사요법의 원칙이 달라질수 있으므로 의료진, 영양전문가와 상의합니다.간기능 정도와 증상이나 합병증 (복수, 부종, 혼수, 간경화, 정맥류 등) 유무에 따라 식사요법에 차이가 있으므로 전문가와 상의합니다.간 기능이 저하된 상태에서 효과가 검증되지 않은 여러 민간, 대체 요법의 사용은 급격한 간기능의 악화를 가져오기도 하므로 맹신하지 말고 전문의와 꼭 상의해야 합니다. 그리고 반드시 금연, 금주해야 합니다."
전립암식,항암치료 시작 시간을 지연시키고 좋은 영양상태를 유지하기 위하여 식사요법이 필요합니다.,"1. 적정체중 유지를 위한 식사 및 간식을 섭취합니다.2. 하루 3끼 식사는 거르지 말고 규칙적으로 합니다.3. 도정된 곡류 보다는 전곡류(도정되지 않은 곡류)를 선택하며, 단순 당의 섭취를 가급적 줄입니다.4. 육류는 살코기로 주 500g (익힌 고기 300g 정도) 이하 섭취합니다.5. 식물성 기름(참기름, 들기름, 식용유, 올리브 등)은 한끼에 1-2 찻술 이하로 사용하며 조림, 찜, 무침 등의 조리방법을 주로 이용합니다.6. 생선(흰살, 등푸른 생선)은 주 3~4회 정도 섭취합니다.7. 유제품은 저지방제품으로 하루 1~2컵 정도 섭취합니다.8. 다양한 색깔의 야채를 하루 5접시 이상(한끼 2접시) 섭취합니다.9. 다양한 색깔의 과일을 하루 2회 정도 섭취합니다.10. 천연조미료(파, 마늘, 생강, 겨자, 식초, 고추장, 된장, 간장, 소금 등)를 활용하여 기호도에 맞는 식단을 갖춥니다.11. 술, 담배는 금합니다.12. 주 3회 이상 하루 30분 정도는 일광을 합니다.13. 주 3회 이상 하루 1시간 정도는 유산소 운동을 합니다.14. 성분과 역할이 불분명한 건강보조식품의 남용은 피합니다.","전곡류, 신선한 채소, 과일류, 라이코펜 함유 식품(토마토 요리)","고열량식, 고지방식, 술",일시적인 식사 요법의 준수가 아닌 꾸준히 지키는 것이 병을 예방하는 지름길 입니다.
저혈압식,"저혈압 자체는 별도의 치료를 요하지 않고 특별한 예방법이나 주의사항이 없습니다. 하지만 극심한 다이어트나 적절한 영양섭취가 부족한 경우나 현기증, 두통, 저림 무기력 등의 증세가 심할 경우 이를 완화하고 정상적인 일상생활을 하기 위해 균형잡힌 식생활을 하는 것이 필요합니다.",1. 식사를 규칙적으로 하고 한꺼번에 많은 음식을 먹거나 과음하지 않습니다.2. 적절한 열량과 단백질을 섭취하고 비타민과 무기질을 충분히 섭취합니다.3. 물을 충분히 섭취합니다.4. 염분을 제한하지는 않지만 짜게 먹는 것이 큰 도움이 되지는 않으므로 적절하게 간을 해서 섭취합니다.5. 변비를 예방하기 위해 신선한 채소와 과일 등 섬유소가 풍부한 식품을 충분히 섭취합니다.,"비타민과 무기질, 섬유소가 풍부한 음식(잡곡류, 신선한 채소, 제철 과일)","포화지방이 많은 식품(삼겹살, 달고기 껍질, 햄, 소시지등)",절대 금주합니다.
저혈당증식,저혈당은 혈액 내에 인슐린 양이 상대적으로 많아지거나 포도당의 소모가 커진 경우 혈당이 매우 낮아진 상태를 말합니다. 극심한 저혈당을 초래한 경우 생명에 위험이 있으므로 빠른 시간 내에 혈당을 올릴 수 있는 단순당 식품을 섭취하여 정상 혈당을 유지하도록 해야합니다.,"1. 인슐린을 투약하는 경우 약물의 최대 작용 시간대에 간식을 배분하여 섭취합니다.2. 저혈당의 정도에 따라 필요한 분량의 단순당을 섭취합니다.- 혈당이 51~70 mg/dl 인 경우 : 당질 10-15g 섭취(사탕 5개, 주스 1/2컵, 설탕 1큰술)- 혈당이 41~50 mg/dl 인 경우 : 당질 20g 섭취(사탕 7개, 주스 2/3컵 등)- 혈당이 40 mg/dl 인 경우      : 당질 30g 섭취(사탕 10개, 주스 1컵 등)3. 저혈당 후 식사 시간이 1시간 이상 남았을때는 복합당질(식빵, 비스켓 등)과 단백질이 들어있는 식품을 섭취합니다.4. 공복에 술을 섭취하지 않습니다.5. 2시간 이상의 심한 운동을 하는 경우 혈당 정도에 따라 운동 전이나 운동 중간에 보충간식을 섭취합니다.","설탕, 사탕, 주스, 음료수, 요쿠르트 등","채소류, 튀김류등 혈당을 천천히 올리는 식품","1. 식사 간격을 적절하게 조정하여 규칙적으로 식사하고 공복시간이 길지 않게 합니다.2. 저혈당 발생에 대비해 단순당을 휴대하도록 합니다.3. 저혈당 발생 빈도와 증상을 관찰하여 식사 중 당질의 양과 활동 정도를 적절히 조절합니다.4. 저녁 식사시간이 빠르거나 약물요법을 1일 2회(저녁식사 이전 투여하는 경우) 사용하는 경우, 새벽에 심한 저혈당이 발생할 수 있으므로 취침 전 간식을 섭취하도록 합니다."
저퓨린식,"통풍이나 신결석 혹은 고요산혈증 환자에게 적용되며, 퓨린 섭취를 1일 150mg 정도로 제한하여 체내의 요산 축척을 줄임으로써 통풍이나 신결석의 발생 및 재발을 예방하기 위한 식사입니다","1. 과식하지 않고 정상 체중을 유지하도록 합니다.2. 퓨린 함량이 높은 식품의 섭취량을 피하고 보통 정도의 중간식품은 가끔 선택하도록 하며 주로 퓨린 함량이 낮은 권장식품을 선택하도록 합니다.3. 술은 체내 요산수치를 증가시키므로 피하도록 합니다.4. 단백질 식품은 계란, 두부, 치즈, 흰살 생선, 살코기 위주로 섭취합니다.5. 지방은 적당량 섭취합니다.6. 과일과 야채, 수분을 충분히 섭취합니다.",식품100g 당 퓨린 질소 함량,,"1. 체중감소를 위하여 지나친 음식 섭취 감소는 혈액 속 요산 농도를 오히려 상승시켜 통풍을 악화시킬 수 있습니다.2. 고혈압, 당뇨, 고지혈증 등의 합병증의 우려가 있으므로 염분은 가급적 제한하는 것이 바람직합니다.3. 고지방 식사는 요산의 정상적 배설을 방해하므로 튀김, 전 등의 섭취를 제한합니다."
저칼륨식,신장기능이 저하되어 있는 경우에는 소변으로 칼륨을 배설하는 능력이 감소되어 혈액 내 칼륨 농도가 올라가서 위험을 초래 할 수 있으므로 고칼륨혈증 시에는 칼륨섭취를 최대한 줄일 수 있는 식사를 합니다.,1. 칼륨은 거의 모든 식품에 널리 분포되어 있으므로 평소 식사량은 그대로 유지하면서 칼륨 함량이 높은 식품을 피합니다.2. 잡곡밥 보다는 쌀밥을 자주 이용합니다.,"흰쌀 등의 도정된 곡류, 적당량의 채소(삶아 익힌 것 : 숙주, 고사리, 가지, 부추, 당근, 돗나물, 배추, 콩나물, 가지 등), 적당량의 과일(사과, 복숭아, 감, 배, 딸기, 포도, 귤, 거봉)","잡곡밥, 보리밥, 현미, 검정쌀,  수수, 고구마, 감자, 밤, 미나리, 단호박, 늙은호박, 시금치, 아욱, 부추, 녹즙, 키위, 토마토, 바나나, 참외, 말린 과일, 메론, 과일즙 등","1. 시중의 소금 대용품(저염소금, 저염 간장)에는 칼륨이 많이 함유되어 있으므로 칼륨 함량을 확인 후 사용하도록 합니다.2. 칼륨은 수용성이므로 조리 전 식품을 충분한 양의 물(10배)에 최소한 2시간 이상 담가 건진 후 사용하며 채소를 끓는 물에 데친 후 여러번 헹구어 사용하고 데쳐낸 물은 버리고 필요한 경우 다시 물을 넣어 조리합니다.3. 식물의 껍질이나 줄기에는 칼륨이 많으므로 껍질과 줄기를 제거하고 잎만을 사용합니다."
"저신장증,왜소증,성장장애","섭식 장애의 경우 특별히 권장되는 식사요법은 없으나, 식습관에 문제가 있는 경우 이에 대한 교정이 필요합니다.                       섭식 장애로 인한 영양결핍 또는 영양 불균형은 저신장의 원인이 될 수 있으므로 이에 대한 치료를 하는 것이 좋습니다. 잘 먹지 않는 아이의 경우, 환아의 기호를 최대한 살려서 식품을 다양하게 조리하고, 간식은 구체적으로 계획된 간식만 규칙적으로 먹입니다. 특히 연령대의 칼슘 섭취 권장량을 충족시킬 수 있도록 유제품을 꼭 챙겨먹고, 양질의 단백질 식품을 매끼 먹이는 것이 중요합니다.","특별히 더 권장되는 식품은 없습니다. 모든 식품을 알맞게, 균형되게 먹는 것이 중요합니다.",영양소 함량은 낮으면서 열량이 지나치게 높은 음식을 자주 섭취하게 되면 비만해져서 성조숙증이 생길 수 있는데 성조숙증은 특히 키성장에 방해가 되므로 조심해야 합니다.,,
저마그네슘혈증식,"저마그네슘혈증은 심부전을 일으키며 허약, 근육통, 발작 등을 수반하며 갑작스런 심장마비를 일으키기도 합니다. 따라서 정상범위의 수준을 조절하기 위해 저마그네슘혈증 시에는 마그네슘 섭취를 최대한 늘려서 식사를 합니다.","1. 균형잡힌 식사를 합니다.2. 마그네슘이 풍부한 콩 및 콩제품, 견과류를 충분히 섭취합니다.3. 비타민 D는 마그네슘의 흡수를 증가 시키므로 비타민 D가 풍부한 식품(예: 우유, 계란 등을 함께 섭취합니다.)4. 식사 중의 과량의 지방, 칼슘, 인, 단백질의 섭취는 마그네슘의 흡수를 저해하므로 적당히 섭취합니다.5. 과다한 알코올 섭취를 피합니다.","코코아, 아몬드, 땅콩, 호두, 잣, 대두, 보리, 현미, 통밀, 우유, 계란, 시금치, 무청, 근대, 컬리플라워, 브로컬리, 부추 당근 등","백미 등의 도정된 곡류, 지방질이 과다한 육류, 튀김류, 인스턴트 식품, 알코올 식품",아연을 지나치게 많이(권장량의 10배) 섭취할 경우 마그네슘의 흡수율이 감소하여 마그네슘 결핍증이 생길 수 있으므로 주의합니다.
저나트륨혈증식,"심한 설사, 구토, 땀, 부신피질의 기능부전 등에 의해 체내 나트륨 함량이 감소하면 혈액량이 감소하여 혈압이 떨어져 성장감소, 식욕부진, 근육경련, 메스꺼움 등의 증상이 나타날 수 있으므로 저나트륨혈증 시에는 정상 범위의 나트륨 수치를 유지하기 위해 식사조절이 필요합니다.",1. 균형잡힌 식사를 합니다.2. 단백질 식품을 충분히 섭취합니다.3. 과다한 알코올 섭취를 피합니다.4. 필요 시 추가적인 염분을 섭취합니다.(의사의 처방에 따라서),"고기, 생선, 두부 등의 양질의 단백질 식품, 신선한 채소류, 과일류","지나친 수분섭취, 인스턴트, 가공식품 등","나트륨은 대부분의 식품에 약간씩 함유되어 있으므로 나트륨 결핍증은 드뭅니다. 따라서 나트륨을 과잉으로 장기간 섭취한 경우에는 고혈압, 부종 등의 나타날 수 있으므로 주의합니다."
폐경기 및 여성의 갱년기,여성호르몬(estrogen)은  칼슘 흡수를 촉진하고 혈액 내 콜레스테롤의 양을 감소시키는 효과가 있으나 폐경기 이후엔 여성호르몬의 감소로 골다공증이 남성에 비해 현격히 증가하게 되고 혈관의 탄력과 심장질환 보호효과를 잃게 되어 심혈관계 질환의 위험도가 폐경 전에 비해 많이 증가하므로 골다공증과 심혈관계 질환을 예방하는 식사요법이 필요합니다.,"1. 필수영양소를 충분히 섭취하되 적정 체중을 유지하도록 조절해야 합니다.2. 고칼슘 식품을 섭취합니다.3. 알코올과 탄산음료는 칼슘의 흡수를 저해하므로 자제해야 합니다.4. 저지방, 저염식으로 심혈관질환의 위험을 감소시킵니다.5. 비타민 E 등 비타민, 무기질이 풍부한 식품을 섭취합니다.6. 콩, 두부 등 대두를 이용한 메뉴를 즐깁니다. 콩 속에 함유된 이소플라본은 여성호르몬인 에스트로겐과 구조가 비슷한 물질로 갱년기 증상(얼굴홍조, 불면증)을 완화시킨다는 연구 결과들이 있으나 그 차이가 현저하게 나타나지는 않습니다.","1. 고칼슘식품 : 우유,  치즈, 두부, 뼈째먹는 생선, 미역 등2. 비타민 E 가 풍부한 식품 : 식물성 기름, 견과류, 과일 등","육류의 기름부위, 버터, 크림, 커피프림 등 포화지방산은 혈중 콜레스테롤 상승의 주원인이 되므로 피하는것이 좋습니다.",
"페닐케톤뇨증, PKU","선천성 아미노산 대사이상으로 페닐알라닌을 타이로신으로 전환시키는 효소인 페닐알라닌수산화효소가 선천적으로 저하되어 있기 때문에 페닐알라닌이 축적되어 지능장애, 담갈색 모발, 피부의 색소 결핍을 초래하는 상염색체열성 유전성질환입니다. 발생빈도는 백인의 경우 1만 4,000명당 1명 꼴로, 일본인과 한국인은 7만~8만 명당 1명 꼴의 빈도입니다.","1. 영아나 소아의 단백질 및 페닐알라닌 권장량에 따라 특수조제식의 용량이 결정됩니다.2. 국내에는 페닐알라닌 제거분유로 PKU-1, 2가 있으며 적정량의 페닐알라닌 섭취를 위해 일반분유와 혼합하여 수유합니다.   3. 처방된 양의 분유를 정확히 섭취하기 위해 하루 단위로 처방하고 처방된 분유량은 저울로 정확하게 계량해야 합니다.           4. 아이가 나이가 들면서 식사제한을 약간 느슨하게 할 수는 있으나 완전히 무시해서는 안됩니다.","페닐알라닌 함량이 낮은 과일류, 채소류, 저단백밥","페닐알라닌 함량이 높은 잔멸치, 마른문어, 마른 오징어, 대구포, 노가리, 볶은 땅콩, 북어, 검정콩, 대두, 치즈, 닭가슴살, 견과류 등",인공감미료인 아스파탐은 페닐알라닌 함량이 높으므로 페닐케톤뇨증 아동에게 사용해서는 안됩니다. 따라서 식품 성분표를 항상 확인하는 것이 중요합니다. BH4 반응형 전형적 페닐케톤뇨증에서는 저페닐알라닌 식사요법이 필요하지 않으며 일상적인 식사가 가능합니다.
패혈증식,패혈증 시에는 대사항진과 체단백의 이화작용으로 인하여 영양상태가 불량해지므로 적당량의 필수영양소를 공급하는 것이 매우 중요하므로 적절한 식사조절이 필요하게 됩니다.,1. 균형잡힌 섭취를 합니다.2. 과식을 피합니다.3. 충분한 단백질식품을 섭취합니다.4. 신선한 채소를 매끼 섭취합니다.5. 유제품을 챙겨 먹습니다.,"양질의 살코기, 생선, 두부, 계란 등의 단백질식품, 신선한 채소류, 과일류, 달지 않은 식품","사탕, 설탕 등의 과다한 단순당 섭취, 기름진 육류, 기름진 국물류, 가공식품, 익히지 않은 동물성식품(생선회, 육회, 생굴 등)",심한 패혈증의 경우 환자가 혈류 역학적으로 불안정하고 조직 내로 산소운반이 부적절할 경우에는 당분간 구강 영양지원을 중단하는 것이 좋습니다.
파킨슨증후군식,"팔의 떨림과 경직으로 스스로 식사할 수 있는 능력이 상실되기도 하고, 위배출, 변비, 식욕감퇴나 삼킴장애로 체중감소가 발생할 수 있으므로 탈수나 체중감소를 예방하고 삼킴장애로 인한 흡인을 예방하는 것이 중요합니다.","1. 씹거나 삼키는 기능에 문제가 있을 경우 치아보조식 또는 연하곤란식으로 음식을 다지거나 갈아서 섭취합니다.2. 식사시간에는 되도록 환자 스스로 숟가락을 사용하여 먹도록 유도하고, 간간히 도움을 줍니다.3. 필요시 소량씩 자주 섭취합니다.4. 엘-도파 약물 사용 시 단백질 섭취를 줄이기도 합니다.5. 적당량의 수분 섭취를 유지합니다.","1. 물, 주스, 우유 등 액상 형태의 대부분의 식품은 '점도증진제(음식의 점도 조절용)'를 섞어서 섭취할 수 있습니다.2. 삼킴 장애가 심하고 씹지 못 할 때는 밥보다는 죽을 쑤어 블렌더로 곱게 갈아 꿀농도만큼 걸쭉하게 드시길 권장합니다.  반찬(고기, 생선살 나물 등)도 익힌 후 죽을 함께 넣고 블렌더로 곱게 갈아 걸쭉하게 드실 수 있습니다.3. 우유대신 요거트를 권장합니다.","삼킴곤란 시 묽은 액체형태의 식품(물, 우유, 주스 등) 섭취는 주의합니다.","1. 삼킴곤란 시는 흐르는 액체 형태의 물, 주스, 우유등은 기도로의 흡인의 가능성이 있으므로 사래나 기침 등의 증상이 있는 경우 정확한 의료진의 진단이 필요합니다.2. 식사 섭취 시 작은 숟가락을 사용합니다.3. 베개로 등뒤와 옆구리를 받치거나 의자에 허리를 펴고 앉아 턱은 약간 아래로 향하도록 하여 식사합니다.4. 보호자의 관찰 하에 식사합니다.5. 탈수를 방지하기위해 점도증진제를 적절히 이용하여 수분 섭취를 합니다."
크론병식,"식사량의 감소, 영양소의 소화, 흡수 장애 등 영양관련 문제점을 예방하기 위해 적절한 식사요법이 필요합니다.",1. 저섬유소 식품을 섭취하면서 대변의 양을 줄입니다.2. 기름진 육류 또는 힘줄 부위의 질긴 부위를 제한합니다.3. 소량의 자주 섭취합니다.4. 설사 발생 시 수분을 충분히 섭취하여 탈수를 예방합니다.5. 지방변이 있는 경우 고지방 식품을 제한합니다.6. 유당불내성이 있는 경우 우유나 유제품 섭취를 제한합니다.- 유당불내성: 우유를 마셨을 때 설사 또는 복부 불편감이 나타나는 현상,"흰밥, 연한 쇠고기, 돼지고기 살코기, 계란, 두부, 생선, 애호박, 가지, 양송이 버섯 등 부드러운 야채, 과일(씨, 껍질 제거), 영양 보충 음료 등","잡곡류, 팝콘, 질긴 육류, 조개류, 비지, 도라지, 고사리, 미나리 등 질긴 야채, 말린 과일, 견과류, 카페인 음료, 탄산음료 등",증상 및 치료(수술 등)에 따라서 식사요법은 달라질 수 있습니다.
콜레라식,"콜레라균(vibrio cholerae)의 감염으로 발생하는 급성 설사로 인한 심한 탈수로 체액손실이 증가되어 수분및 전해질, 영양분 등의 불균형을 초래할 수 있으므로 적절한 영양관리가 필요합니다.","1. 일반적으로 24시간 금식하면서 정맥주사를 맞습니다.2. 위장의 기능이 회복된 것으로 생각되면 처음에는 유동식으로 식사를 시작합니다.3. 초기에는 소량씩 자주 공급하고 필요하면 영양보충액을 사용합니다.4. 보리, 현미, 콩 등의 잡곡 대신 쌀밥을 섭취합니다.5. 생야채, 해조류의 섭취를 제한합니다.6. 생과일 대신 과일통조림이나 과일쥬스를 마십니다.7. 매끼 연한 육류, 생선, 두부, 계란 등을 충분히 섭취합니다.","초기 - 쌀미음, 국물(고기, 생선),삶은채소(당근, 호박, 오이, 시금치, 양송이, 가지 등), 보리차, 익힌 생선, 고기, 과일즙회복기 - 쌀밥, 살코기, 계란, 두부, 닭고기, 생선, 유제품, 잘 익힌 시금치, 애호박, 당근, 숙주, 양송이, 가지, 양상치, 바나나, 과일통조림","신선한 채소, 견과류(땅콩, 호두, 잣 등), 신선한 과일, 유제품(우유, 두유, 요구르트, 요거트, 저지방우유), 기름진 육류, 튀김,주류(소주, 맥주, 막걸리 등), 과량의 된장, 고추장, 고춧가루, 겨자 등",1. 맑은 유동식은 대부분의 영양소가 부족하므로 1~2일 이상은 피합니다.2. 소장점막의 손상으로 당분간 유당 분비가 감소될 수 있으므로 유제품 섭취에 주의합니다.
췌장암식,"췌장 내에 종양이나 염증으로 췌장을 절제한 환자의 경우 소화력 저하를 경험할 수 있으므로 소화 및 흡수가 잘 되는 식품과 조리법을 선택하여 식사하도록 하고, 체중감소를 예방하기 위해 식사요법이 필요합니다.","1. 부드러운 음식으로 소량씩 꼭꼭 씹어서 섭취합니다.2. 섭취량이 부족할 경우 하루 4~6회로 나누어 섭취하고, 간식으로 보충합니다.3. 충분한 단백질 섭취를 위해 부드러운 살코기, 생선, 두부, 계란 등 양질의 단백질 반찬을 섭취합니다.4. 튀김, 전, 볶음 등의 고지방 음식과 자극적인 음식은 피합니다.5. 설사 증상이 있는 경우 수분을 충분히 섭취합니다.6. 알코올, 카페인 음료(녹차, 커피, 홍차, 콜라 등), 향신료 등 자극적인 음식은 제한합니다.","감자, 스프, 카스텔라, 살코기(돼지고기, 쇠고기, 닭고기), 두부, 생선, 두부, 저지방우유, 치즈 등","감자튀김, 팝콘, 기름진 육류(삼겹살, 갈비, 베이컨 등), 말린 나물, 말린 과일, 술 등",증상 및 치료(수술 등)에 따라서 식사요법은 달라질 수 있습니다.
천식식단,호흡곤란 등 알레르기를 유발하는 식품은 제한하고 과다한 호흡으로 인해 부족해질 수 있는 수분을 충분히 보충합니다.,"1. 식품 알레르기에 의한 천식의 경우 알레르기 유발식품을 섭취하지 않도록 합니다.2. 고열량 고단백식을 통해 면역강화를 하도록 합니다. 필요로 하는 식사량을 충분히 유지하고 매끼 살코기, 생선, 두부, 계란 등을 챙겨서 섭취하도록 합니다.3. 충분한 채소와 과일 섭취가 이루어지도록 합니다.","살코기, 생선, 두부, 신선한 채소 및 과일",개인적인 증상이 유발되는 식품,"주변환경관리(대기오염, 집먼지 진드기, 꽃가루 등)에 유의하도록 합니다."
지방간식,"간세포에 중성지방이 축적된 질환으로 비만, 에너지( 동물성지방, 당질 등)과잉 섭취, 과다한 알코올 섭취 등이 원인이 되며 이를 관리하기 위해 식사 요법이 필요합니다.","1. 과체중 혹은 비만인 경우, 체중감량을 하도록 합니다.2. 계획한 식사 및 간식 외의 불필요한 간식 섭취를 줄여 에너지 섭취를 줄입니다.3. 기름진 육류 및 가공품 섭취는 줄입니다.4. 부족한 비타민 및 무기질 보충을 위해 채소를 충분하게 먹습니다.5. 금주합니다.6. 규칙적인 운동을 합니다.","채소, 균형적인 식사","기름진 음식, 기름진 육류, 단순당 위주의 음식( 음료, 설탕, 꿀, 단음식), 술, 폭식",녹즙 등 고농축 음식이나 민간요법은 간기능을 약화시킬 수 있으므로 주의합니다.
제대혈조혈모세포식,제대혈 조혈모세포 이식 직후에는 감염을 예방하기 위하여 익힌 음식 위주로 섭취하며 빠른 회복을 도모하기 위해 균형잡힌 고른 식품섭취를 하도록 합니다.,"1. 곡류, 어육류, 채소류, 과일류, 우유류를 고루 섭취합니다.2. 식사량이 부족한 경우 의사의 처방에 의해 관급식이나 정맥영양제를 통해 영양보충을 계획할 수 있습니다.3. 식사량이 부족하면 간식으로 포함하여 소량씩 자주 섭취합니다.4. 매끼 양질의 어육류나 두부, 계란 등을 섭취합니다.5. 고기나 생선은 반드시 익혀서 섭취하도록 합니다.","잘 익힌 생선이나 살코기, 잘 씻은 채소, 껍질 벗긴 과일","익히지 않은 생선이나 고기, 생선회, 육회, 생선초밥","제대조혈모세포 이식 직후에는 멸균식(sterile diet)을 하도록 합니다.1. 동물성 식품을 익혀서 섭취합니다.2. 야채는 익혀서, 과일은 세정 후 껍질을 벗겨서 섭취합니다.3. 시판제품 중 살균, 멸균 조리된 제품을 이용합니다.4. 조리된 식품은 2시간 이내에 냉장보관하며, 24시간내 먹도록 합니다.5. 조리 전, 식사 전에 손을 깨끗이 씻도록 합니다.6. 가공식품은 유통기한을 확인하도록 합니다."
후천성면역결핍증식,"필요한 영양소를 공급하고 질병이 진행됨에 따라 영양소의 비정상적인 상태와 불내성이 나타날 때 식사를 변형, 수정하여 영양불량상태를 예방하거나 지연시키기 위해 식사조절이 필요합니다.",1. 균형잡힌 식사를 합니다.2. 단백질 식품을 충분히 섭취합니다.3. 충분한 수분을 섭취합니다.4. 비타민제 섭취 시에는 과잉 섭취되지 않도록 주의합니다.,"양질의 살코기, 생선, 두부, 계란 등의 단백질 식품, 신선한 채소류, 과일류, 달지 않은 식품","과량의 비타민제 섭취, 사탕, 설탕 등의 과다한 단순당 섭취, 기름진 육류, 기름진 국물류, 가공식품, 인스턴트 식품(라면, 햄버거 등)",흡수불량이 의심되는 경우에는 저지방식과 중쇄중성지방을 이용할 수 있습니다.
후두암식,"후두암 진단 이후 치료를 받기위해 충분한 영양공급을 통해 암 치료를 돕고 부작용을 최소화 하기위해 식사요법이 필요합니다.후두암의 치료는 병기나 종류에 따라 다르며 크게 수술적치료, 항암치료, 방사선치료 등이 사용됩니다. 따라서 각 치료방법을 이해하고 치료에 따르는 부작용으로 인한 영양문제의 대처방법을 숙지하여 영양불량이 되지않도록 합니다.","암을 치료하는 특별한 식품이나 영양소는 없으며 균형잡힌 식사로 좋은 영양상태를 유지하는것이 중요합니다. 그러기 위해서는 충분한 에너지와 단백질, 비타민 및 무기질을 공급할 수 있는 식사를 섭취해야 하며, 이는 여러가지 음식을 골고루 먹음으로써 가능합니다.암환자의 일반적인 식사지침1. 아침,점심,저녁을 규칙적으로 섭취하고 반찬은 골고루 먹습니다.2. 매끼 단백질 반찬을 꼭 먹습니다.(고기, 생선이 싫다면 대신 달걀, 두부, 콩, 치즈 등을 먹습니다.)3. 채소반찬은 매끼 2가지 이상 충분히 먹습니다.(씹기 힘든 경우나 삼키기 힘든 경우에는 다지거나 갈아서 먹습니다.)4. 과일은 하루 1~2번, 1가지 이상 먹습니다.(면역력이 저하된 경우 잘 씻어 껍질을 제거하거나 통조림, 주스로 먹습니다.)5. 유제품을 하루 1컵 마십니다.(우유가 맞지 않을 경우에는 요쿠르트, 두유, 치즈, 아이스크림으로 대체합니다.)6. 밥은 매끼 1그릇정도 먹습니다.(밥 섭취가 어려울 경우 죽, 빵, 크래커, 떡, 감자, 고구마, 국수, 미숫가루 등으로 대체하며, 밥 섭취량이 적을 경우에는 간식으로 보충합니다.)7. 열량보충이 필요하다면 식물성 기름과 견과류를 충분히 사용합니다.8. 양념과 조미료는 적당히 사용합니다.","현미, 보리, 서리태와 같은 잡곡 및 두류파프리카, 당근, 단호박, 양배추, 케일, 가지등의 다양한 색의 채소, 과일류","술, 비위생적인 식품, 가공식품, 탄 음식","환자의 질환과 치료상태에 따라 식사요법의 원칙이 달라질수 있으므로 의료진, 영양전문가와 상의합니다.항암-방사선 병용요법으로 치료를 받은경우 충분한 열량과 단백질(고기, 생선, 콩, 두부, 계란, 해물)을 섭취하여 체중이 감소되지 않도록 주의하며 필요에 따라 상업용 영양보충음료를 병행하도록 합니다. 절대적으로 금연합니다."
화상식,"화상 환자는 대사항진으로 체단백의 이화작용과 요 질소 배설이 증가되며, 단백질과 체액의 손실이 증가하여 수분 및 전해질의 불균형을 초래할 수 있어 충분한 열량과 단백질 공급이 필요합니다","1. 회복을 위해 충분한 에너지, 단백질 반찬을 섭취합니다.2. 식사를 규칙적으로 하며 편식하지 말고 골고루 섭취합니다.3. 질이 좋은 단백질 식품(고기, 생선, 두부 등)을 끼마다 충분히 섭취합니다.4. 신선한 채소 및 과일을 충분히 섭취합니다.5. 지나치게 단 음식은 피합니다.6. 수분을 충분히 섭취합니다.(2L/day)","곡류(쌀밥, 잡곡밥, 감자, 고구마, 떡 등),육류(살코기), 어류(생선, 조개류 등), 두부, 콩, 달걀, 신선한 채소, 견과류(땅콩, 호두, 잣 등), 신선한 과일, 유제품(우유, 두유, 요구르트, 요거트, 저지방우유)","단순당(사탕,설탕, 젤리, 물엿), 당분이 첨가된 음료수(콜라,사이다), 통조림 과일,  주류(소주, 맥주, 막걸리 등)","1. 식사섭취량이 충분치 않을 경우 필요시 칼슘, 비타민E, 비타민A, 아연 등을 보충합니다.2. 대사적 스트레스로 인한 고혈당을 악화시킬 수 있어 과다한 단음식은 피합니다."
호모시스틴뇨증식,"호모시스틴 대사에 필요한 효소 결핍으로 메티오닌이 과다생성됨으로써 나타날 수 있는 여러가지 합병증을 예방하고, 정상적인 성장과 발달을 도모하기 위해 식사요법이 필요합니다.","1. 메티오닌이 제거된 특수분유(예. 메티오닌 프리 분유, Hominex)와 일반분유를 혼합하여 수유합니다.2. 분유량은 반드시 정확하게 계량하여 먹입니다.3. 성장에 따라 영양 요구량이 달라지므로 주기적으로 영양상담을 받도록 합니다.","곡류, 채소류, 과일류, 식물성 기름","콩 및 두부류, 고기, 생선류 등 단백질을 많이 함유한 식품","처방된 분유를 전량 먹이지 못하고 지속적으로 남기게 되면 필수영양소 결핍, 성장지연 등의 결과를 초래할 수 있습니다."
협심증식,협심증은 심장에 산소와 영양을 공급하는 관상동맥이 좁아져 정상적인 혈액공급이 방해받는 상태로 심한 가슴통증을 유발하게 됩니다. 주된 원인은 혈관 속의 지방 축적이므로 정상 체중을 유지하고 비만인 경우는 체중을 감소시키는 것이 꼭 필요합니다.,"1. 밥은 현미, 보리 등을 섞은 잡곡밥이 좋으며 기호에 따라 적정량 혼식합니다. 단, 입맛에 맞지 않을 경우 무리하게 잡곡밥을 고집하지 말고 쌀밥을 섭취합니다.2. 고기, 두부, 생선 등의 단백질 반찬도 골고루 섭취하되 고기는 기름기와 껍질을 제거한 살코기로 섭취합니다.3. 채소찬은 제철 채소를 이용하여 싱겁게 조리하되 장아찌, 김치 등의 염장식품은 지양합니다.4. 간식은 정규 식사 사이에 제철 과일과 우유로 섭취합니다.5. 전체적인 조리 방법은 지방 섭취를 줄이기 위해 튀기거나 부치는 대신 굽기, 찜, 삶는 방법을 주로 선택하나 맛을 내기 위해 적당량의 식물성기름(참기름, 들기름 등)은 사용합니다.6. 또한 염분량은 소금을 기준으로 1일 6g만 추가하도록 합니다.7. 저염식 적응을 위해 조리 시 미리 염분을 넣는 것보다 무염 조리 후 따로 분량의 저염 소스를 곁들이는 것이 더욱 효과적입니다.","신선한 채소를 비롯한 잡곡, 저지방 어육류, 생선, 두부 그리고 제철 과일과 우유 등 균형잡힌 식사","고지방 어육류 : 갈비, 삼겹살, 육류의 껍질과 기름, 장어, 햄류고콜레스테롤 식품 : 내장류, 새우, 오징어, 계란노른자기름진 음식 : 탕류, 중국음식, 튀김류, 전류염장 식품 : 김치류, 젓갈류, 장아찌류, 건어물 및 자반 생선류가공식품 : 햄류, 통조림류, 라면국물류 : 국, 찌개","소량씩 자주 먹습니다.상태에 따라 포화지방산, 콜레스테롤, 염분 섭취를 제한합니다.섬유소 섭취를 점차로 증가시키며 이때 수분도 부족하지 않게 섭취합니다.카페인 섭취를 줄입니다.과체중인 경우 열량제한식을 병행합니다."
허혈성심장질환식,"심장질환 시 식사요법은 크게 3가지로 나누어 생각할 수 있습니다.[콜레스테롤에 대한 식사요법]혈액내 콜레스테롤의 ⅔ ~ ¾ 정도는 몸 안에서 형성된 것으로 식사를 변화시킴으로써 감소시킬 수 있습니다. 보통 콜레스테롤의 1일 섭취량을 100㎎ 이하로 줄이는 경우에는 현저한 콜레스테롤의 감소가 생기지만 사실상 실천이 불가능하며, 1일 섭취량을 300㎎정도로 유지하면 혈액내의 콜레스테롤 양이 10%정도 감소합니다.콜레스테롤은 주로 계란노른자, 오징어, 새우 그리고 기름진 생선 등에 많으며 육류의 기름에도 많이 함유되어 있습니다. 따라서 콜레스테롤 수치가 높을 경우 월 2~3회 정도로 고콜레스테롤 함유 식품 섭취를 줄이고 육류 섭취 시 껍질과 기름기를 제거한 살코기로 섭취해야 합니다.[저염식]보통 한국인은 1일 20g 이상의 소금을 섭취하나 실제로 꼭 필요한 양은 5g 이하이므로 고혈압 치료를 목표로 할 때는 소금의 섭취를 절대적으로 줄여야 합니다.실제로 소금의 섭취를 줄이는 방법은 식성을 변화시키고자 하는 노력이 중요합니다. 조리를 할 때 차츰 차츰 첨가되는 소금을 줄이고 소금 성분이 많은 양념이나 조미료 등도 주의해야 합니다. 그리고 한국인 식습관의 특징인 국이나 찌개 국물 그리고 염장식품 섭취를 지양함으로써 소금 섭취를 줄이는 것이 중요합니다.[비만의 개선을 위한 식사요법]체중이 증가한다는 것은 소모 열량보다 섭취 열량이 과다하다는 것을 의미합니다. 이상적인 체중 감량은 1달에 2㎏ 정도 감량하는 것인데 이를 위해서는 하루에 500kcal씩 적게 먹든지, 아니면 500kcal씩 더 열량을 소비해야 가능합니다.하지만 섭취량에는 식사 뿐 아니라 간식이나 술의 영향이 더욱 큰 문제가 될 수 있으며 식사 감량만으로는 체중 감소의 속도가 떨어지거나 다시 체중이 증가될 수 있으므로, 운동을 병행하는 것이 더욱 효과적입니다. 따라서 체중 감소 시 전문가와의 상담을 통해 실천하는 것이 중요합니다.","1. 밥은 현미, 보리 등을 섞은 잡곡밥이 좋으며 기호에 따라 적정량 혼식합니다. 단, 입맛에 맞지 않을 경우 무리하게 잡곡밥을 고집하지 말고 쌀밥을 섭취합니다.2. 고기, 두부, 생선 등의 단백질 반찬도 골고루 섭취하되 고기는 기름기와 껍질을 제거한 살코기로 섭취합니다.3. 채소찬은 제철 채소를 이용하여 싱겁게 조리하되 장아찌, 김치 등의 염장식품은 지양합니다.4. 간식은 정규 식사 사이에 제철 과일과 우유로 섭취합니다.5. 전체적인 조리 방법은 지방 섭취를 줄이기 위해 튀기거나 부치는 대신 굽기, 찜, 삶는 방법을 주로 선택하나 맛을 내기 위해 적당량의 식물성기름(참기름, 들기름 등)은 사용합니다.6. 저염식 적응을 위해 조리 시 미리 염분을 넣는 것보다 무염 조리 후 따로 분량의 저염 소스를 곁들이는 것이 더욱 효과적입니다.7. 콜레스테롤이 높은 식품은 월 2~3회로 줄여서 섭취합니다.","신선한 채소를 비롯한 잡곡, 저지방 어육류, 생선, 두부 그리고 제철 과일과 우유 등 균형잡힌 식사","고지방 어육류 : 갈비, 삼겹살, 육류의 껍질과 기름, 장어, 햄류고콜레스테롤 식품 : 내장류, 새우, 오징어, 계란노른자기름진 음식 : 탕류, 중국음식, 튀김류, 전류염장 식품 - 김치류, 젓갈류, 장아찌류, 건어물 및 자반 생선류가공식품 - 햄류, 통조림류, 라면국, 찌개 국물류","오메가-3 지방산은 에이코사펜타엔산(EPA), 도코사헥사엔산(DHA) 등으로 주로 생선기름에 많이 포함되어 있습니다.생선을 많이 먹는 알래스카 원주민에서 심혈관계 질환의 사망률이 낮은 것이 관찰되었고 이후 오메가-3의 효능에 대한 많은 연구들에서 오메가-3가 심혈관계 사망률을 낮춘다는 결과를 보고하였습니다. 오메가-3는 혈소판 응집과 염증반응을 감소시키고, 혈중 중성지방의 농도를 감소시키고, 심박수와 혈압을 강하시켜 심혈관계 질환으로 인한 사망을 감소시키는 것으로 생각되고 있습니다."
항문암식,"수술 직후 회복을 위한 충분한 열량과 단백질을 섭취하도록 하며, 수술 후 약 6주 정도 섬유질 섭취를 줄여 대변 양 조절과 폐색 등의 위험을 최소화 합니다.","1. 고섬유질 식품 섭취를 줄입니다. (잡곡류, 채소 및 해조류, 과일류, 견과류 등)2. 양질의 단백질 식품을 충분히 섭취합니다.3. 자극성이 강한 향신료나 조미료는 피합니다.4. 충분한 수분섭취를 합니다.(kg당 30cc)","수술직후 : 쌀밥, 흰국수, 생선, 계란, 두부, 육류(결체조직 및 껍질 제외), 유제품","수술직후 : 잡곡, 질긴 채소, 건조 과일과 껍질, 씨앗, 견과류, 자극성 식품","1. 수술 직후 약 6주간 고섬유식품 섭취를 줄이도록 합니다.2. 수술 부위, 장루의 유무에 따른 식사요법이 필요합니다. (저잔사식)3. 수술 후 2달뒤 정상식사 시 충분한 섬유소 섭취가 권장됩니다."
"프로피온산혈증, 프로피온산증","발린, 이소로이신, 메치오닌, 스레오닌과 같은 아미노산의 대사에 관여하는 propionyl CoA carboxylase라는 효소의 장애로 프로피오닌산이 축적되어 뇌손상, 혈액의 산성화, 암모니아의 증가 등을 초래합니다. 상염색체열성유전을 하며 발생빈도는 100,000명중 한 명입니다.장기적으로는 고탄수화물 식이와, 이소로이신, 발린, 메치오닌, 스레오닌이라는 아미노산을 작은 양으로 제한한 식이를 합니다. 이들 아미노산이 없는 특수분유제제와 일반식이를 혼합하여 식이요법을 합니다.","1. 루이신, 이소루이신, 발린, 메티오닌, 트레오닌 등 프로피온산의 전구물질이 될 수 있는 아미노산을 제거한 특수분유를 사용합니다.2. 국내에서 생산되는 특수분유는 MPA 1 과 2가 있으며 MPA 2는 1에 비해 열량이 적은 대신 단백질 함량이 두배이고, 다른 영양소들은 비슷하게 함유하고 있어 식사량이 충분한 소아청소년기에 처방하기에 적절합니다.3. 발린이 가장 중요한 아미노산이므로 발린의 섭취를 기준으로 식이요법을 실시하며, 다른 아미노산들은 적당한 비율로 조절합니다. 제한되는 아미노산들은 필수 아미노산이므로 분유만 섭취하는 영아의 경우, 반드시 일반분유를 특수분유와 함께 처방받아 먹여야 필수 아미노산 결핍증을 막을 수 있습니다.4. 아이가 나이가 들면서 식사를 잘하게 되면 일반분유는 필요하지 않게 되며, MPA 2 분유로 바꾸어 먹을 수 있습니다.         5. 후기 발병형의 환자들은 아미노산의 투여를 잘 견딜 수 있고, 발린의 섭취까지 계산하지 않고 단백질의 섭취량을 계산하는 정도로도 치료할 수 있으므로 훨씬 쉽다고 할 수 있습니다.","쌀, 고구마, 감자 등 탄수화물 식품과 식물성 기름, 버터류, 모든 채소와 과일류","쇠고기, 돼지고기, 닭고기, 생선 및 가공품, 우유 및 유제품 등 발린 함량이 높은 식품들","여러가지 감염, 예방접종, 외상, 마취 및 수술과 같은 상황이 발생하면 단백질 섭취를 제한하고 탄수화물 섭취를 늘리는 것이 필요합니다. 이러한 상황들의 일부는 예측이 가능하며, 환자의 질병 종류와 대사 상태에 따라서 식이요법을 조정할 필요가 있습니다. 하지만 감염과 같은 경우는 예측이 불가능하며 따라서 악화되지 않도록 미리 예방하는 것이 어렵습니다. 미리 예방하기 위해 지속적으로 단백질을 더 제한한다면 만성 영양결핍과 대사의 불균형 상태를 초래할 수 있으므로 단백질의 과다한 투여를 피하고, 단백질의 분해와 대사의 불균형이 초래될 수 있는 상황을 빨리 알 수 있도록 보호자는 지속적으로 교육을 받아야 합니다."
프라더 윌리 증후군식,비만으로 인한 합병증을 조절하기 위해 필요합니다.,"1. 보통의 비만아보다 더 강하게 열량을 제한합니다.2. 당뇨가 동반된 경우 당뇨 식사요법의 기준에 따릅니다.3. 고지혈증, 고혈압이 있을 경우 저열량 조리법을 이용한 음식을 주로 섭취하고, 싱겁게 먹습니다.4. 규칙적으로 운동합니다.","잡곡밥, 신선한 채소와 과일(당뇨가 있는 경우는 별도의 양 조절 필요), 해조류, 콩 및 두부류","사탕이나 초컬렛, 청량음료, 단 빵류 (케익 포함) 와 같이 단순당 또는 단순당이 포함된 음식, 치킨이나 도우넛, 팝콘 등 기름에 튀기거나 볶은 음식, 삼겹살, 갈비류, 소시지, 햄버거, 햄, 베이컨 등 고지방 식품은 최대한 먹지 않아야 합니다.",기름지지 않은 음식이라 하더라도 식욕만큼 배를 채우게 되면 체중이 쉽게 늘어나므로 전체 섭취량을 조절하는 것이 중요합니다.
폐렴식,증상의 진행 중 식사량 감소로 인한 체중감소와 체조직 소모를 방지하기 위하여 충분한 에너지와 단백질의 섭취가 매우 중요합니다.,"1. 과식보다는 간식과 함께 소량씩 자주 섭취합니다.2. 매끼 양질의 어육류나 두부, 계란등을 챙겨서 섭취합니다.3. 숨이 찰때는 부드러운 식품을 이용하여 합니다.4. 수분을 소량씩 자주 보충합니다.","부드러운 살코기, 생선, 요구르트, 다양한 색상의 과일이나 채소","튀김, 육류의 기름",잦은 가래 배출로 몸에 수분이 부족하기 쉬우므로 수시로 과일쥬스나 물 등으로 보충하도록 합니다.
간이식후식,간이식을 받은 환자에게 수술 후 생길 수 있는 부작용과 합병증을 최소화하기 위해 충분한 열량과 단백질 공급이 필요합니다.,"1. 이식 초기에는 회복을 위해 충분한 에너지, 단백질 반찬을 섭취합니다.2. 섭취량 부족시에는 열량 높은 간식을 곁들입니다.3. 수분을 충분히 섭취합니다.4. 이식 후 안정기에는 면역억제제로 인한 합병증(고지혈증, 고혈압, 고혈당 등) 예방을 위해 정상체중을 유지합니다.5. 적당량의 단백질 반찬을 섭취합니다.6. 지나치게 단 음식은 피합니다.7. 콜레스테롤과 동물성 지방이 많은 음식은 적게 섭취합니다.8. 평소보다 싱겁게 먹고, 가공 식품보다는 신선한 식품을 이용합니다.9. 민간요법을 철저히 제한합니다.","이식 초기 : 신선한 육류(살코기), 생선, 두부, 콩, 우유, 두유, 영양보충음료 등이식 후 안정기 : 적당량의 육류(살코기), 생선, 두부, 콩, 신선한 야채, 해조류 등","이식 후 안정기 : 라면, 자장면, 삼겹살, 베이컨, 장아찌, 젓갈, 생선알, 케이크, 곰국, 추어탕, 보신탕 등의 고단백 국물 음식",고칼륨혈증 발생 시 일시적으로 칼륨 함량 높은 음식의 제한이 필요할 수 있습니다.
간성혼수식,"고단백 식사, 변비, 탈수 등의 원인으로 간성 혼수가 유발될 수 있으므로 환자의 컨디션에 따라 적절한 영양 관리가 필요합니다.","1. 고기, 생선, 두부, 계란, 콩 등의 단백질 섭취량을 줄입니다. 혼수 정도에 따라 제한하며 호전됨에 따라 단백질 섭취량을 늘립니다. 단백질 음식을 늘릴 때 한번에 몰아서 먹지 말고 세 끼니에 걸쳐 소량씩 나누어 늘려 먹습니다. 육류보다는 콩류 단백질이 더 유용할 수 있습니다.2. 부족한 비타민 및 무기질 보충 및 변비 예방을 위해 채소와 과일을 충분하게 먹습니다.3. 부종 및 복수가 있는 경우, 싱겁게 먹어 염분 섭취를 줄입니다.4. 탈수 증세가 오지 않도록 권장량 정도의 식사 섭취를 유지합니다.5. 충분한 열량 제공을 위해 단순당 및 식물성 기름을 적절하게 이용합니다.","밥, 떡, 감자, 고구마 등의 곡류 음식, 과일, 야채","고기, 생선, 두부, 콩, 계란, 유제품 등의 고단백 식품",녹즙 등 고농축 음식이나 민간요법은 간기능을 약화시킬 수 있으므로 주의합니다.
간경화식,"간경화 시 식사량 감소, 소화 및 흡수 기능 저하, 영양소 대사 변화, 영양 요구량 증가, 복수나 부종 등의 원인으로 영양 결핍이 발생될 수 있으므로 초기부터 식사 관리를 하는 것이 필요합니다.","1. 회복을 위해 충분한 칼로리 섭취가 필요하므로 당질과 지방을 통해 칼로리 섭취를 늘립니다. 식사량이 적을 시에는 감자, 고구마 , 과일, 주스 등의 간식을 자주 먹습니다.2. 고기, 생선, 두부, 계란 등의 단백질 반찬을 적절하게 먹습니다. 단, 간성혼수 시에는 섭취량을 줄여야 합니다.3. 부족한 비타민 및 무기질 보충을 위해 채소와 과일을 충분하게 먹습니다.4. 부종 및 복수가 있는 경우, 싱겁게 먹어 염분 섭취를 줄입니다.5. 금주합니다.","밥, 떡, 감자, 고구마 등 곡류 음식, 과일, 야채, 단백질 식품(살코기, 생선, 계란,두부, 콩 등)","절인 음식(김치, 젓갈, 장아찌, 자반류, 마른 반찬, 햄, 소시지 등), 국 국물 등 염분 많은 음식, 술",녹즙 등 고농축 음식이나 민간요법은 간기능을 약화시킬 수 있으므로 주의합니다.
각기병식,비타민 B1(티아민) 섭취 부족으로 인해 생기는 질병으로 지나치게 백미 위주의 식사를 하거나 만성적으로 알코올을 과음할 때 발생하기 때문에 적절한 영양관리가 필요합니다.,"1. 비타민 B1(티아민)이 많은 식품을 섭취합니다.(돼지고기나 삼치, 넙치, 콩류 및 해바라기씨, 전곡, 감자류, 냉장육, 땅콩 등)2. 정상체중을 벗어나지 않도록 표준체중을 유지합니다.3. 도정을 한 백미보다는 현미를 먹는 것이 비타민 B1을 더 많이 섭취할 수 있습니다.4. 금주합니다.","돼지고기, 가금류, 계란, 생선, 콩류, 잡곡류, 감자, 아스파라거스, 브로콜리, 땅콩, 해바라기씨, 우유, 건포도 등","정제된 쌀(백미),주류(소주, 맥주, 막걸리 등)",장시간 가열 조리하면 비타민으로서의 기능을 잃게 되니 주의합니다.
